-- phpMyAdmin SQL Dump
-- version 4.8.3
-- https://www.phpmyadmin.net/
--
-- Host: 127.0.0.1
-- Generation Time: Nov 17, 2018 at 10:37 AM
-- Server version: 10.1.36-MariaDB
-- PHP Version: 7.1.23

SET SQL_MODE = "NO_AUTO_VALUE_ON_ZERO";
SET AUTOCOMMIT = 0;
START TRANSACTION;
SET time_zone = "+00:00";


/*!40101 SET @OLD_CHARACTER_SET_CLIENT=@@CHARACTER_SET_CLIENT */;
/*!40101 SET @OLD_CHARACTER_SET_RESULTS=@@CHARACTER_SET_RESULTS */;
/*!40101 SET @OLD_COLLATION_CONNECTION=@@COLLATION_CONNECTION */;
/*!40101 SET NAMES utf8mb4 */;

--
-- Database: `edumall`
--

-- --------------------------------------------------------

--
-- Table structure for table `adminchat`
--

CREATE TABLE `adminchat` (
  `id_chat` int(11) NOT NULL,
  `id_user` int(11) NOT NULL,
  `content_chat` text COLLATE utf8_unicode_ci NOT NULL,
  `date_chat` datetime NOT NULL
) ENGINE=InnoDB DEFAULT CHARSET=utf8 COLLATE=utf8_unicode_ci;

--
-- Dumping data for table `adminchat`
--

INSERT INTO `adminchat` (`id_chat`, `id_user`, `content_chat`, `date_chat`) VALUES
(1, 1, 'Xin chào tất cả các Admin', '2018-09-18 09:29:00'),
(2, 1, 'Xin chào tất cả các Admin', '2018-09-17 17:29:43'),
(4, 1, 'Lorem ipsum dolor sit amet, consectetur adipisicing elit. Eius qui iure aspernatur, ipsam suscipit placeat deleniti. Voluptates assumenda, soluta nulla ipsum cumque, quasi ut obcaecati labore vel veniam iste error, libero natus, facilis animi. Incidunt, officia a dicta neque recusandae voluptas dolores nobis, magni delectus rerum natus saepe velit, doloremque?', '2018-09-18 16:28:44'),
(6, 1, 'Trong ngày mai tất cả những vấn đề còn tồn đọng sẽ được báo cáo lại cho tôi và giải quyết! Thân', '2018-09-18 22:53:12'),
(8, 1, 'Xử lý trống cho ô comment', '2018-09-18 22:54:20'),
(9, 1, 'Đã xử lý trống cho ô comment', '2018-09-19 10:52:40'),
(10, 1, 'Chưa xử lý được hiên thị tên giáo viên trong Course. Fix now;', '2018-10-31 11:17:23');

-- --------------------------------------------------------

--
-- Table structure for table `cart`
--

CREATE TABLE `cart` (
  `id_gh` int(11) NOT NULL,
  `id_user` int(11) NOT NULL,
  `id_cs` int(11) NOT NULL
) ENGINE=InnoDB DEFAULT CHARSET=utf8;

-- --------------------------------------------------------

--
-- Table structure for table `category`
--

CREATE TABLE `category` (
  `stt_cate` int(11) NOT NULL,
  `id_cate` varchar(255) NOT NULL,
  `name_cate` varchar(255) NOT NULL,
  `icon_cate` varchar(255) NOT NULL
) ENGINE=InnoDB DEFAULT CHARSET=utf8;

--
-- Dumping data for table `category`
--

INSERT INTO `category` (`stt_cate`, `id_cate`, `name_cate`, `icon_cate`) VALUES
(1, 'cntt', 'Công nghệ thông tin', 'fa fa-code'),
(5, 'kdkn', 'Kinh doanh & Khởi nghiệp', 'fa fa-line-chart'),
(7, 'mkt', 'Marketing', 'fa fa-bullhorn'),
(3, 'ndc', 'Nuôi dạy con', 'fa fa-grav'),
(6, 'nn', 'Ngoại ngữ', 'fa fa-comments'),
(4, 'ptbt', 'Phát triển bản thân', 'fa fa-black-tie'),
(8, 'thvp', 'Tin học văn phòng', 'fa fa-desktop'),
(2, 'tk', 'Thiết kế', 'fa fa-google-wallet');

-- --------------------------------------------------------

--
-- Table structure for table `cmt`
--

CREATE TABLE `cmt` (
  `id_cmt` int(11) NOT NULL,
  `id_cs` int(11) NOT NULL,
  `ten_cmt` varchar(255) NOT NULL,
  `email_cmt` varchar(255) NOT NULL,
  `nd_cmt` text NOT NULL,
  `ngay_cmt` datetime NOT NULL
) ENGINE=InnoDB DEFAULT CHARSET=utf8;

--
-- Dumping data for table `cmt`
--

INSERT INTO `cmt` (`id_cmt`, `id_cs`, `ten_cmt`, `email_cmt`, `nd_cmt`, `ngay_cmt`) VALUES
(2, 6, 'Fullname Admin', 'admin@admin.com', 'không hay', '2018-03-07 00:00:00'),
(3, 6, 'Fullname Admin', 'admin@admin.com', 'Hay quá', '2018-03-07 00:00:00'),
(4, 6, 'Fullname Admin', 'admin@admin.com', 'không hay', '2018-03-07 00:00:00'),
(5, 6, 'Fullname Admin', 'admin@admin.com', 'Hay quá', '2018-03-07 00:00:00'),
(6, 6, 'Fullname Admin', 'admin@admin.com', 'không hay', '2018-03-07 00:00:00'),
(7, 6, 'Fullname Admin', 'admin@admin.com', 'Hay quá', '2018-03-07 00:00:00'),
(8, 6, 'Fullname Admin', 'admin@admin.com', 'không hayasdasda', '2018-03-07 00:00:00'),
(10, 6, 'Nông Văn Khánh', 'nvk@mail.com', 'heyzo What\'s up?', '2018-03-06 00:00:00'),
(11, 6, 'Nông Văn Khánh', 'nvk@mail.com', 'heyzo What\'s up?', '2018-03-07 00:00:00'),
(12, 6, 'Nông Văn Khánh', 'nvk@mail.com', 'Alibaba', '2018-03-07 00:00:00'),
(13, 6, 'Nông Văn Khánh', 'nvk@mail.com', 'Alibaba', '2018-03-07 00:00:00'),
(15, 50, 'Nông Văn Khánh', 'nvk@mail.com', 'Hay', '2018-03-07 00:00:00'),
(17, 49, 'Nguyễn Văn A', 'nguyenvana@mail.com', 'Khóa học thật bổ ích!', '2018-03-10 00:00:00'),
(18, 50, 'Trần Phúc An', 'tpa@mail.com', 'Chào Nông Văn Khánh', '2018-03-17 00:00:00'),
(19, 4, 'Nông Văn Khánh', 'email@email.com', 'Hay', '2018-03-17 00:00:00'),
(20, 2, 'Fullname Admin', 'admin@admin.com', 'sashdakhsdad', '2018-08-29 00:00:00'),
(21, 5, 'Fullname Admin', 'admin@admin.com', 'cac', '2018-09-20 00:00:00'),
(22, 3, 'Hạ Băng', '2c3e6fa679@mailox.biz', 'ádasd', '2018-09-30 21:54:22');

-- --------------------------------------------------------

--
-- Table structure for table `course`
--

CREATE TABLE `course` (
  `id_cs` int(11) NOT NULL,
  `ten_cs` varchar(255) NOT NULL,
  `info_cs` varchar(255) NOT NULL,
  `thumb_cs` varchar(255) NOT NULL DEFAULT 'vinhpq01.png',
  `id_user` int(11) NOT NULL,
  `mota_cs` text NOT NULL,
  `giaotrinh_cs` text NOT NULL,
  `id_cate` varchar(255) NOT NULL,
  `gia_cs` int(11) NOT NULL,
  `sobh_cs` int(11) NOT NULL,
  `time_cs` varchar(255) NOT NULL,
  `playlist_key` varchar(255) NOT NULL,
  `created_date` date NOT NULL
) ENGINE=InnoDB DEFAULT CHARSET=utf8;

--
-- Dumping data for table `course`
--

INSERT INTO `course` (`id_cs`, `ten_cs`, `info_cs`, `thumb_cs`, `id_user`, `mota_cs`, `giaotrinh_cs`, `id_cate`, `gia_cs`, `sobh_cs`, `time_cs`, `playlist_key`, `created_date`) VALUES
(2, 'Chiến sĩ Lê Thẩm Dương tiết lộ bí quyết giao tiếp để thành công', 'Những bí quyết giao tiếp thỏa mãn tâm lý người đối diện, khiến đối phương yêu thích và tin tưởng bạn hơn', 'phuongph01.png', 21, 'Mô tả khoá học\r\nTổng quát\r\nThất bại? Bất công?\r\n\r\nBạn mệt mỏi tự hỏi tại sao bản thân đã cố gắng rất nhiều mà không được những người xung quanh yêu quý, không thể tìm được một công việc tốt?\r\n\r\nBạn muộn phiền tại sao bản thân đã cố gắng rất nhiều mà vẫn không có được gia đình hạnh phúc, không thể thăng tiến trong công việc?\r\n\r\nBạn đang thiếu điều gì?\r\n\r\nTrong một nghiên cứu của các giáo sư hàng đầu tại Mỹ, những người thành đạt trong cuộc sống chỉ có 15% do kiến thức chuyên môn, 85% còn lại được quyết định bởi những kỹ năng mềm họ được trang bị.\r\n\r\nHiểu được những vấn đề này, Edumall chúng tôi mong muốn chia sẻ tới các bạn một khóa học do Tiến Sĩ Lê Thẩm Dương biên soạn và giảng dạy trực tiếp về 1 loại kỹ năng mềm chủ đạo - kỹ năng giao tiếp.\r\n\r\nDưới phương pháp dạy bằng những tình huống chân thực, có hình ảnh, nội dung bài giảng rõ ràng rành mạch, được sắp xếp có hệ thống giúp học viên liên tưởng đến bản thân và rút ra được bài học cho riêng mình.\r\n\r\nQua đó, các bạn có thể nắm được:\r\n\r\n- 3 cơ sở của giao tiếp nhằm thỏa mãn tâm lý người đối diện.\r\n\r\n- 5 yếu tố tác động hành vi để áp dụng trong vận hành mối quan hệ khiến đối phương hành động theo ý mình.\r\n\r\n- 8 công thức nâng cao chất lượng mối quan hệ để khiến đối phương yêu thích và tin tưởng bạn hơn.\r\n\r\n- 4 công cụ giao tiếp để cư xử khôn khéo một cách hoàn toàn bản năng.\r\n\r\nYêu cầu của khóa học\r\n• Môi trường học yên tĩnh.\r\n• Có thiết bị truy cập Internet.\r\n• Nên sử dụng tai nghe trong quá trình học.\r\nLợi ích từ khóa học\r\n• Hiểu được tầm quan trọng của việc xây dựng mối quan hệ . \"Giao tiếp hoặc là chết.\"\r\n• Biết được cách thiết lập một thông điệp đúng.\r\n• Biết được phương tiện, cơ sở của giao tiếp trong việc tạo dựng mối quan hệ.\r\n• Nắm được các kỹ năng cơ bản của giao tiếp: kỹ năng nghe, nói, khen chê và phi ngôn ngữ.\r\nĐối tượng mục tiêu\r\n• Những học viên muốn tự tin nói, diễn đạt được ý tưởng trước đám đông, thể hiện bản thân trước nhà tuyển dụng.\r\n• Những học viên kỳ vọng thăng tiến, trở thành lãnh đạo cần chuẩn bị kỹ năng thiết yếu của người lãnh đạo.\r\n• Những học viên muốn cải thiện khả năng tư vấn, chăm sóc khách hàng.\r\n• Bất kì ai muôn cải thiện kĩ năng giao tiếp của bản thân.', 'Giáo trình Lê Thẩm Dương', 'ptbt', 699000, 12, '2h2p', 'PLzbBRsexr0iHkkq1NozFH91Zi3WqhTLRc', '0000-00-00'),
(3, 'Tiến sĩ Lê Thẩm Dương tiết lộ bí quyết giao tiếp để thành công', 'Những bí quyết giao tiếp thỏa mãn tâm lý người đối diện, khiến đối phương yêu thích và tin tưởng bạn hơn', 'tientt01.png', 25, '<p>M&ocirc; tả kho&aacute; học Tổng qu&aacute;t Thất bại? Bất c&ocirc;ng? Bạn mệt mỏi tự hỏi tại sao bản th&acirc;n đ&atilde; cố gắng rất nhiều m&agrave; kh&ocirc;ng được những người xung quanh y&ecirc;u qu&yacute;, kh&ocirc;ng thể t&igrave;m được một c&ocirc;ng việc tốt? Bạn muộn phiền tại sao bản th&acirc;n đ&atilde; cố gắng rất nhiều m&agrave; vẫn kh&ocirc;ng c&oacute; được gia đ&igrave;nh hạnh ph&uacute;c, kh&ocirc;ng thể thăng tiến trong c&ocirc;ng việc? Bạn đang thiếu điều g&igrave;? Trong một nghi&ecirc;n cứu của c&aacute;c gi&aacute;o sư h&agrave;ng đầu tại Mỹ, những người th&agrave;nh đạt trong cuộc sống chỉ c&oacute; 15% do kiến thức chuy&ecirc;n m&ocirc;n, 85% c&ograve;n lại được quyết định bởi những kỹ năng mềm họ được trang bị. Hiểu được những vấn đề n&agrave;y, Edumall ch&uacute;ng t&ocirc;i mong muốn chia sẻ tới c&aacute;c bạn một kh&oacute;a học do Tiến Sĩ L&ecirc; Thẩm Dương bi&ecirc;n soạn v&agrave; giảng dạy trực tiếp về 1 loại kỹ năng mềm chủ đạo - kỹ năng giao tiếp. Dưới phương ph&aacute;p dạy bằng những t&igrave;nh huống ch&acirc;n thực, c&oacute; h&igrave;nh ảnh, nội dung b&agrave;i giảng r&otilde; r&agrave;ng r&agrave;nh mạch, được sắp xếp c&oacute; hệ thống gi&uacute;p học vi&ecirc;n li&ecirc;n tưởng đến bản th&acirc;n v&agrave; r&uacute;t ra được b&agrave;i học cho ri&ecirc;ng m&igrave;nh. Qua đ&oacute;, c&aacute;c bạn c&oacute; thể nắm được: - 3 cơ sở của giao tiếp nhằm thỏa m&atilde;n t&acirc;m l&yacute; người đối diện. - 5 yếu tố t&aacute;c động h&agrave;nh vi để &aacute;p dụng trong vận h&agrave;nh mối quan hệ khiến đối phương h&agrave;nh động theo &yacute; m&igrave;nh. - 8 c&ocirc;ng thức n&acirc;ng cao chất lượng m&ocirc;́i quan h&ecirc;̣ để khiến đối phương y&ecirc;u th&iacute;ch v&agrave; tin tưởng bạn hơn. - 4 c&ocirc;ng cụ giao ti&ecirc;́p đ&ecirc;̉ cư xử kh&ocirc;n kh&eacute;o m&ocirc;̣t c&aacute;ch ho&agrave;n to&agrave;n bản năng. Y&ecirc;u cầu của kh&oacute;a học &bull; M&ocirc;i trường học y&ecirc;n tĩnh. &bull; C&oacute; thiết bị truy cập Internet. &bull; N&ecirc;n sử dụng tai nghe trong qu&aacute; tr&igrave;nh học. Lợi &iacute;ch từ kh&oacute;a học &bull; Hiểu được tầm quan trọng của việc x&acirc;y dựng mối quan hệ . &quot;Giao tiếp hoặc l&agrave; chết.&quot; &bull; Biết được c&aacute;ch thiết lập một th&ocirc;ng điệp đ&uacute;ng. &bull; Biết được phương tiện, cơ sở của giao tiếp trong việc tạo dựng mối quan hệ. &bull; Nắm được c&aacute;c kỹ năng cơ bản của giao tiếp: kỹ năng nghe, n&oacute;i, khen ch&ecirc; v&agrave; phi ng&ocirc;n ngữ. Đối tượng mục ti&ecirc;u &bull; Những học vi&ecirc;n muốn tự tin n&oacute;i, diễn đạt được &yacute; tưởng trước đ&aacute;m đ&ocirc;ng, thể hiện bản th&acirc;n trước nh&agrave; tuyển dụng. &bull; Những học vi&ecirc;n kỳ vọng thăng tiến, trở th&agrave;nh l&atilde;nh đạo cần chuẩn bị kỹ năng thiết yếu của người l&atilde;nh đạo. &bull; Những học vi&ecirc;n muốn cải thiện khả năng tư vấn, chăm s&oacute;c kh&aacute;ch h&agrave;ng. &bull; Bất k&igrave; ai mu&ocirc;n cải thiện kĩ năng giao tiếp của bản th&acirc;n.</p>\r\n', '<p>Gi&aacute;o tr&igrave;nh L&ecirc; Thẩm Dương</p>\r\n', 'kdkn', 699000, 12, '', 'PLzbBRsexr0iHkkq1NozFH91Zi3WqhTLRc', '0000-00-00'),
(4, 'Học photoshop một cách bài bản để trở thành nhà thiết kế chuyên nghiệp', '', 'loild03.png', 1, 'Mô tả khoá học\r\nTổng quát\r\nBạn choáng ngợp với những poster \"độc và ngầu\" của các designer chuyên nghiệp và khao khát biến những bức ảnh của chính mình vượt trên cả sáng tạo. Thật đơn giản để hiện thực hóa mong ước đó chỉ với kiến thức và kĩ năng về Photoshop. \r\n\r\nDù bạn là phóng viên, marketer, designer, freelancer hay chỉ đơn giản là người đam mê chụp ảnh sáng tạo thì Photoshop vẫn là một công cụ hiệu quả để giúp bạn đạt được thành công trong công việc. Nhưng phải bắt đầu Photoshop từ đâu? Hiểu được điều đó, tôi đã cùng Edumall xây dựng khóa học \"Thành thạo Photoshop trong 7 ngày\". \r\n\r\nBằng phương pháp vừa giảng vừa thực hành cũng như thông qua việc chia sẻ kinh nghiệm thực tế trong quá trình làm việc nhằm mục tiêu giúp các bạn: \r\n\r\n• Hiểu và sử dụng được các công cụ, tính năng trong Photoshop.\r\n\r\n• Tự tay chỉnh sửa được các bức ảnh trở nên sống động, sáng tạo.\r\n\r\n• Tạo ra được các hiệu ứng chữ \"độc\" và nắm được cách làm việc siêu tốc với Photoshop.\r\n\r\n \r\n\r\nYêu cầu của khóa học\r\n• Môi trường học yên tĩnh.\r\n• Kết nối internet ổn định\r\n• Nên sử dụng tai nghe trong quá trình học.\r\n• Khuyến khích cài đặt phần mềm Adobe Photoshop CC 2015\r\nLợi ích từ khóa học\r\n• Thành thạo các công cụ cơ bản trong Photoshop.\r\n• Chỉnh sửa những bức ảnh chân dung hay phong cảnh theo cách ấn tượng.\r\n• Nắm được bí quyết làm việc Siêu tốc và Hiệu quả trong Photoshop thông qua việc sử dụng Plugin.\r\n• Tạo ra được poster siêu \"ngầu\" và \"độc\".\r\n• Biết cách blend màu để giúp bức ảnh trở nên kì thú.\r\n• Biết cách tạo các hiệu ứng chữ độc đáo.\r\nĐối tượng mục tiêu\r\n• Phóng viên, marketer, designer muốn truyền tải những ý tưởng độc đáo trong các poster và banner.\r\n• Freelancer muốn kiếm tiền từ việc chỉnh sửa ảnh.\r\n• Những người đam mê chụp ảnh, đam mê sáng tạo muốn tạo ra bức ảnh đẹp theo ý của riêng mình hay chỉ đơn giản là muốn những bức ảnh gia đình trở nên lung linh hơn.', 'Giáo trình Phạm Quang Huy', 'tk', 599000, 27, '4h33p', 'PLzbBRsexr0iHkkq1NozFH91Zi3WqhTLRc', '0000-00-00'),
(5, 'Hiến sĩ Lê Thẩm Dương tiết lộ bí quyết giao tiếp để thành công', 'Những bí quyết giao tiếp thỏa mãn tâm lý người đối diện, khiến đối phương yêu thích và tin tưởng bạn hơn', 'excel.png', 1, 'Mô tả khoá học\r\nTổng quát\r\nThất bại? Bất công?\r\n\r\nBạn mệt mỏi tự hỏi tại sao bản thân đã cố gắng rất nhiều mà không được những người xung quanh yêu quý, không thể tìm được một công việc tốt?\r\n\r\nBạn muộn phiền tại sao bản thân đã cố gắng rất nhiều mà vẫn không có được gia đình hạnh phúc, không thể thăng tiến trong công việc?\r\n\r\nBạn đang thiếu điều gì?\r\n\r\nTrong một nghiên cứu của các giáo sư hàng đầu tại Mỹ, những người thành đạt trong cuộc sống chỉ có 15% do kiến thức chuyên môn, 85% còn lại được quyết định bởi những kỹ năng mềm họ được trang bị.\r\n\r\nHiểu được những vấn đề này, Edumall chúng tôi mong muốn chia sẻ tới các bạn một khóa học do Tiến Sĩ Lê Thẩm Dương biên soạn và giảng dạy trực tiếp về 1 loại kỹ năng mềm chủ đạo - kỹ năng giao tiếp.\r\n\r\nDưới phương pháp dạy bằng những tình huống chân thực, có hình ảnh, nội dung bài giảng rõ ràng rành mạch, được sắp xếp có hệ thống giúp học viên liên tưởng đến bản thân và rút ra được bài học cho riêng mình.\r\n\r\nQua đó, các bạn có thể nắm được:\r\n\r\n- 3 cơ sở của giao tiếp nhằm thỏa mãn tâm lý người đối diện.\r\n\r\n- 5 yếu tố tác động hành vi để áp dụng trong vận hành mối quan hệ khiến đối phương hành động theo ý mình.\r\n\r\n- 8 công thức nâng cao chất lượng mối quan hệ để khiến đối phương yêu thích và tin tưởng bạn hơn.\r\n\r\n- 4 công cụ giao tiếp để cư xử khôn khéo một cách hoàn toàn bản năng.\r\n\r\nYêu cầu của khóa học\r\n• Môi trường học yên tĩnh.\r\n• Có thiết bị truy cập Internet.\r\n• Nên sử dụng tai nghe trong quá trình học.\r\nLợi ích từ khóa học\r\n• Hiểu được tầm quan trọng của việc xây dựng mối quan hệ . \"Giao tiếp hoặc là chết.\"\r\n• Biết được cách thiết lập một thông điệp đúng.\r\n• Biết được phương tiện, cơ sở của giao tiếp trong việc tạo dựng mối quan hệ.\r\n• Nắm được các kỹ năng cơ bản của giao tiếp: kỹ năng nghe, nói, khen chê và phi ngôn ngữ.\r\nĐối tượng mục tiêu\r\n• Những học viên muốn tự tin nói, diễn đạt được ý tưởng trước đám đông, thể hiện bản thân trước nhà tuyển dụng.\r\n• Những học viên kỳ vọng thăng tiến, trở thành lãnh đạo cần chuẩn bị kỹ năng thiết yếu của người lãnh đạo.\r\n• Những học viên muốn cải thiện khả năng tư vấn, chăm sóc khách hàng.\r\n• Bất kì ai muôn cải thiện kĩ năng giao tiếp của bản thân.', 'Giáo trình Lê Thẩm Dương', 'khac', 0, 12, '2h2p', 'PLzbBRsexr0iHkkq1NozFH91Zi3WqhTLRc', '0000-00-00'),
(6, 'Tiến sĩ Lê Thẩm Dương tiết lộ bí quyết giao tiếp để thành công', 'Những bí quyết giao tiếp thỏa mãn tâm lý người đối diện, khiến đối phương yêu thích và tin tưởng bạn hơn', 'excel.png', 1, 'Mô tả khoá học\r\nTổng quát\r\nThất bại? Bất công?\r\n\r\nBạn mệt mỏi tự hỏi tại sao bản thân đã cố gắng rất nhiều mà không được những người xung quanh yêu quý, không thể tìm được một công việc tốt?\r\n\r\nBạn muộn phiền tại sao bản thân đã cố gắng rất nhiều mà vẫn không có được gia đình hạnh phúc, không thể thăng tiến trong công việc?\r\n\r\nBạn đang thiếu điều gì?\r\n\r\nTrong một nghiên cứu của các giáo sư hàng đầu tại Mỹ, những người thành đạt trong cuộc sống chỉ có 15% do kiến thức chuyên môn, 85% còn lại được quyết định bởi những kỹ năng mềm họ được trang bị.\r\n\r\nHiểu được những vấn đề này, Edumall chúng tôi mong muốn chia sẻ tới các bạn một khóa học do Tiến Sĩ Lê Thẩm Dương biên soạn và giảng dạy trực tiếp về 1 loại kỹ năng mềm chủ đạo - kỹ năng giao tiếp.\r\n\r\nDưới phương pháp dạy bằng những tình huống chân thực, có hình ảnh, nội dung bài giảng rõ ràng rành mạch, được sắp xếp có hệ thống giúp học viên liên tưởng đến bản thân và rút ra được bài học cho riêng mình.\r\n\r\nQua đó, các bạn có thể nắm được:\r\n\r\n- 3 cơ sở của giao tiếp nhằm thỏa mãn tâm lý người đối diện.\r\n\r\n- 5 yếu tố tác động hành vi để áp dụng trong vận hành mối quan hệ khiến đối phương hành động theo ý mình.\r\n\r\n- 8 công thức nâng cao chất lượng mối quan hệ để khiến đối phương yêu thích và tin tưởng bạn hơn.\r\n\r\n- 4 công cụ giao tiếp để cư xử khôn khéo một cách hoàn toàn bản năng.\r\n\r\nYêu cầu của khóa học\r\n• Môi trường học yên tĩnh.\r\n• Có thiết bị truy cập Internet.\r\n• Nên sử dụng tai nghe trong quá trình học.\r\nLợi ích từ khóa học\r\n• Hiểu được tầm quan trọng của việc xây dựng mối quan hệ . \"Giao tiếp hoặc là chết.\"\r\n• Biết được cách thiết lập một thông điệp đúng.\r\n• Biết được phương tiện, cơ sở của giao tiếp trong việc tạo dựng mối quan hệ.\r\n• Nắm được các kỹ năng cơ bản của giao tiếp: kỹ năng nghe, nói, khen chê và phi ngôn ngữ.\r\nĐối tượng mục tiêu\r\n• Những học viên muốn tự tin nói, diễn đạt được ý tưởng trước đám đông, thể hiện bản thân trước nhà tuyển dụng.\r\n• Những học viên kỳ vọng thăng tiến, trở thành lãnh đạo cần chuẩn bị kỹ năng thiết yếu của người lãnh đạo.\r\n• Những học viên muốn cải thiện khả năng tư vấn, chăm sóc khách hàng.\r\n• Bất kì ai muôn cải thiện kĩ năng giao tiếp của bản thân.', 'Giáo trình Lê Thẩm Dương', 'ndc', 399000, 12, '2h2p', 'PLzbBRsexr0iHkkq1NozFH91Zi3WqhTLRc', '0000-00-00'),
(7, 'Tiến sĩ Lê Thẩm Dương tiết lộ bí quyết giao tiếp để thành công', 'Những bí quyết giao tiếp thỏa mãn tâm lý người đối diện, khiến đối phương yêu thích và tin tưởng bạn hơn', 'loild03.png', 1, 'Mô tả khoá học\r\nTổng quát\r\nThất bại? Bất công?\r\n\r\nBạn mệt mỏi tự hỏi tại sao bản thân đã cố gắng rất nhiều mà không được những người xung quanh yêu quý, không thể tìm được một công việc tốt?\r\n\r\nBạn muộn phiền tại sao bản thân đã cố gắng rất nhiều mà vẫn không có được gia đình hạnh phúc, không thể thăng tiến trong công việc?\r\n\r\nBạn đang thiếu điều gì?\r\n\r\nTrong một nghiên cứu của các giáo sư hàng đầu tại Mỹ, những người thành đạt trong cuộc sống chỉ có 15% do kiến thức chuyên môn, 85% còn lại được quyết định bởi những kỹ năng mềm họ được trang bị.\r\n\r\nHiểu được những vấn đề này, Edumall chúng tôi mong muốn chia sẻ tới các bạn một khóa học do Tiến Sĩ Lê Thẩm Dương biên soạn và giảng dạy trực tiếp về 1 loại kỹ năng mềm chủ đạo - kỹ năng giao tiếp.\r\n\r\nDưới phương pháp dạy bằng những tình huống chân thực, có hình ảnh, nội dung bài giảng rõ ràng rành mạch, được sắp xếp có hệ thống giúp học viên liên tưởng đến bản thân và rút ra được bài học cho riêng mình.\r\n\r\nQua đó, các bạn có thể nắm được:\r\n\r\n- 3 cơ sở của giao tiếp nhằm thỏa mãn tâm lý người đối diện.\r\n\r\n- 5 yếu tố tác động hành vi để áp dụng trong vận hành mối quan hệ khiến đối phương hành động theo ý mình.\r\n\r\n- 8 công thức nâng cao chất lượng mối quan hệ để khiến đối phương yêu thích và tin tưởng bạn hơn.\r\n\r\n- 4 công cụ giao tiếp để cư xử khôn khéo một cách hoàn toàn bản năng.\r\n\r\nYêu cầu của khóa học\r\n• Môi trường học yên tĩnh.\r\n• Có thiết bị truy cập Internet.\r\n• Nên sử dụng tai nghe trong quá trình học.\r\nLợi ích từ khóa học\r\n• Hiểu được tầm quan trọng của việc xây dựng mối quan hệ . \"Giao tiếp hoặc là chết.\"\r\n• Biết được cách thiết lập một thông điệp đúng.\r\n• Biết được phương tiện, cơ sở của giao tiếp trong việc tạo dựng mối quan hệ.\r\n• Nắm được các kỹ năng cơ bản của giao tiếp: kỹ năng nghe, nói, khen chê và phi ngôn ngữ.\r\nĐối tượng mục tiêu\r\n• Những học viên muốn tự tin nói, diễn đạt được ý tưởng trước đám đông, thể hiện bản thân trước nhà tuyển dụng.\r\n• Những học viên kỳ vọng thăng tiến, trở thành lãnh đạo cần chuẩn bị kỹ năng thiết yếu của người lãnh đạo.\r\n• Những học viên muốn cải thiện khả năng tư vấn, chăm sóc khách hàng.\r\n• Bất kì ai muôn cải thiện kĩ năng giao tiếp của bản thân.', 'Giáo trình Lê Thẩm Dương', 'cntt', 699000, 12, '2h2p', 'PLzbBRsexr0iHkkq1NozFH91Zi3WqhTLRc', '0000-00-00'),
(8, 'Adobe Illustrator CC 2015 - Tổng quát cơ bản đến nâng cao', 'Học thiết kế bằng Adobe illustrator CC2015', 'loild01.png', 1, 'Mô tả khoá học\r\nTổng quát\r\nThất bại? Bất công?\r\n\r\nBạn mệt mỏi tự hỏi tại sao bản thân đã cố gắng rất nhiều mà không được những người xung quanh yêu quý, không thể tìm được một công việc tốt?\r\n\r\nBạn muộn phiền tại sao bản thân đã cố gắng rất nhiều mà vẫn không có được gia đình hạnh phúc, không thể thăng tiến trong công việc?\r\n\r\nBạn đang thiếu điều gì?\r\n\r\nTrong một nghiên cứu của các giáo sư hàng đầu tại Mỹ, những người thành đạt trong cuộc sống chỉ có 15% do kiến thức chuyên môn, 85% còn lại được quyết định bởi những kỹ năng mềm họ được trang bị.\r\n\r\nHiểu được những vấn đề này, Edumall chúng tôi mong muốn chia sẻ tới các bạn một khóa học do Tiến Sĩ Lê Thẩm Dương biên soạn và giảng dạy trực tiếp về 1 loại kỹ năng mềm chủ đạo - kỹ năng giao tiếp.\r\n\r\nDưới phương pháp dạy bằng những tình huống chân thực, có hình ảnh, nội dung bài giảng rõ ràng rành mạch, được sắp xếp có hệ thống giúp học viên liên tưởng đến bản thân và rút ra được bài học cho riêng mình.\r\n\r\nQua đó, các bạn có thể nắm được:\r\n\r\n- 3 cơ sở của giao tiếp nhằm thỏa mãn tâm lý người đối diện.\r\n\r\n- 5 yếu tố tác động hành vi để áp dụng trong vận hành mối quan hệ khiến đối phương hành động theo ý mình.\r\n\r\n- 8 công thức nâng cao chất lượng mối quan hệ để khiến đối phương yêu thích và tin tưởng bạn hơn.\r\n\r\n- 4 công cụ giao tiếp để cư xử khôn khéo một cách hoàn toàn bản năng.\r\n\r\nYêu cầu của khóa học\r\n• Môi trường học yên tĩnh.\r\n• Có thiết bị truy cập Internet.\r\n• Nên sử dụng tai nghe trong quá trình học.\r\nLợi ích từ khóa học\r\n• Hiểu được tầm quan trọng của việc xây dựng mối quan hệ . \"Giao tiếp hoặc là chết.\"\r\n• Biết được cách thiết lập một thông điệp đúng.\r\n• Biết được phương tiện, cơ sở của giao tiếp trong việc tạo dựng mối quan hệ.\r\n• Nắm được các kỹ năng cơ bản của giao tiếp: kỹ năng nghe, nói, khen chê và phi ngôn ngữ.\r\nĐối tượng mục tiêu\r\n• Những học viên muốn tự tin nói, diễn đạt được ý tưởng trước đám đông, thể hiện bản thân trước nhà tuyển dụng.\r\n• Những học viên kỳ vọng thăng tiến, trở thành lãnh đạo cần chuẩn bị kỹ năng thiết yếu của người lãnh đạo.\r\n• Những học viên muốn cải thiện khả năng tư vấn, chăm sóc khách hàng.\r\n• Bất kì ai muôn cải thiện kĩ năng giao tiếp của bản thân.', 'Giáo trình Lê Thẩm Dương', 'nn', 699000, 12, '2h2p', 'PLzbBRsexr0iHkkq1NozFH91Zi3WqhTLRc', '0000-00-00'),
(9, '27 chuyên đề Photoshop cho người mới bắt đầu', 'Giúp bạn hiểu và sử dụng được các công cụ, tính năng trong photoshop chỉ trong 7 ngày', 'vinhpq01.png', 1, 'Mô tả khoá học\r\nTổng quát\r\nBạn choáng ngợp với những poster \"độc và ngầu\" của các designer chuyên nghiệp và khao khát biến những bức ảnh của chính mình vượt trên cả sáng tạo. Thật đơn giản để hiện thực hóa mong ước đó chỉ với kiến thức và kĩ năng về Photoshop. \r\n\r\nDù bạn là phóng viên, marketer, designer, freelancer hay chỉ đơn giản là người đam mê chụp ảnh sáng tạo thì Photoshop vẫn là một công cụ hiệu quả để giúp bạn đạt được thành công trong công việc. Nhưng phải bắt đầu Photoshop từ đâu? Hiểu được điều đó, tôi đã cùng Edumall xây dựng khóa học \"Thành thạo Photoshop trong 7 ngày\". \r\n\r\nBằng phương pháp vừa giảng vừa thực hành cũng như thông qua việc chia sẻ kinh nghiệm thực tế trong quá trình làm việc nhằm mục tiêu giúp các bạn: \r\n\r\n• Hiểu và sử dụng được các công cụ, tính năng trong Photoshop.\r\n\r\n• Tự tay chỉnh sửa được các bức ảnh trở nên sống động, sáng tạo.\r\n\r\n• Tạo ra được các hiệu ứng chữ \"độc\" và nắm được cách làm việc siêu tốc với Photoshop.\r\n\r\n \r\n\r\nYêu cầu của khóa học\r\n• Môi trường học yên tĩnh.\r\n• Kết nối internet ổn định\r\n• Nên sử dụng tai nghe trong quá trình học.\r\n• Khuyến khích cài đặt phần mềm Adobe Photoshop CC 2015\r\nLợi ích từ khóa học\r\n• Thành thạo các công cụ cơ bản trong Photoshop.\r\n• Chỉnh sửa những bức ảnh chân dung hay phong cảnh theo cách ấn tượng.\r\n• Nắm được bí quyết làm việc Siêu tốc và Hiệu quả trong Photoshop thông qua việc sử dụng Plugin.\r\n• Tạo ra được poster siêu \"ngầu\" và \"độc\".\r\n• Biết cách blend màu để giúp bức ảnh trở nên kì thú.\r\n• Biết cách tạo các hiệu ứng chữ độc đáo.\r\nĐối tượng mục tiêu\r\n• Phóng viên, marketer, designer muốn truyền tải những ý tưởng độc đáo trong các poster và banner.\r\n• Freelancer muốn kiếm tiền từ việc chỉnh sửa ảnh.\r\n• Những người đam mê chụp ảnh, đam mê sáng tạo muốn tạo ra bức ảnh đẹp theo ý của riêng mình hay chỉ đơn giản là muốn những bức ảnh gia đình trở nên lung linh hơn.', 'Giáo trình Phạm Quang Huy', 'tk', 599000, 27, '4h33p', 'PLzbBRsexr0iHkkq1NozFH91Zi3WqhTLRc', '0000-00-00'),
(10, 'Chiến sĩ Lê Thẩm Dương tiết lộ bí quyết giao tiếp để thành công', 'Những bí quyết giao tiếp thỏa mãn tâm lý người đối diện, khiến đối phương yêu thích và tin tưởng bạn hơn', 'excel.png', 1, 'Mô tả khoá học\r\nTổng quát\r\nThất bại? Bất công?\r\n\r\nBạn mệt mỏi tự hỏi tại sao bản thân đã cố gắng rất nhiều mà không được những người xung quanh yêu quý, không thể tìm được một công việc tốt?\r\n\r\nBạn muộn phiền tại sao bản thân đã cố gắng rất nhiều mà vẫn không có được gia đình hạnh phúc, không thể thăng tiến trong công việc?\r\n\r\nBạn đang thiếu điều gì?\r\n\r\nTrong một nghiên cứu của các giáo sư hàng đầu tại Mỹ, những người thành đạt trong cuộc sống chỉ có 15% do kiến thức chuyên môn, 85% còn lại được quyết định bởi những kỹ năng mềm họ được trang bị.\r\n\r\nHiểu được những vấn đề này, Edumall chúng tôi mong muốn chia sẻ tới các bạn một khóa học do Tiến Sĩ Lê Thẩm Dương biên soạn và giảng dạy trực tiếp về 1 loại kỹ năng mềm chủ đạo - kỹ năng giao tiếp.\r\n\r\nDưới phương pháp dạy bằng những tình huống chân thực, có hình ảnh, nội dung bài giảng rõ ràng rành mạch, được sắp xếp có hệ thống giúp học viên liên tưởng đến bản thân và rút ra được bài học cho riêng mình.\r\n\r\nQua đó, các bạn có thể nắm được:\r\n\r\n- 3 cơ sở của giao tiếp nhằm thỏa mãn tâm lý người đối diện.\r\n\r\n- 5 yếu tố tác động hành vi để áp dụng trong vận hành mối quan hệ khiến đối phương hành động theo ý mình.\r\n\r\n- 8 công thức nâng cao chất lượng mối quan hệ để khiến đối phương yêu thích và tin tưởng bạn hơn.\r\n\r\n- 4 công cụ giao tiếp để cư xử khôn khéo một cách hoàn toàn bản năng.\r\n\r\nYêu cầu của khóa học\r\n• Môi trường học yên tĩnh.\r\n• Có thiết bị truy cập Internet.\r\n• Nên sử dụng tai nghe trong quá trình học.\r\nLợi ích từ khóa học\r\n• Hiểu được tầm quan trọng của việc xây dựng mối quan hệ . \"Giao tiếp hoặc là chết.\"\r\n• Biết được cách thiết lập một thông điệp đúng.\r\n• Biết được phương tiện, cơ sở của giao tiếp trong việc tạo dựng mối quan hệ.\r\n• Nắm được các kỹ năng cơ bản của giao tiếp: kỹ năng nghe, nói, khen chê và phi ngôn ngữ.\r\nĐối tượng mục tiêu\r\n• Những học viên muốn tự tin nói, diễn đạt được ý tưởng trước đám đông, thể hiện bản thân trước nhà tuyển dụng.\r\n• Những học viên kỳ vọng thăng tiến, trở thành lãnh đạo cần chuẩn bị kỹ năng thiết yếu của người lãnh đạo.\r\n• Những học viên muốn cải thiện khả năng tư vấn, chăm sóc khách hàng.\r\n• Bất kì ai muôn cải thiện kĩ năng giao tiếp của bản thân.', 'Giáo trình Lê Thẩm Dương', 'ptbt', 699000, 12, '2h2p', 'PLzbBRsexr0iHkkq1NozFH91Zi3WqhTLRc', '0000-00-00'),
(11, 'Tiến sĩ Lê Thẩm Dương tiết lộ bí quyết giao tiếp để thành công', 'Những bí quyết giao tiếp thỏa mãn tâm lý người đối diện, khiến đối phương yêu thích và tin tưởng bạn hơn', 'excel.png', 1, 'Mô tả khoá học\r\nTổng quát\r\nThất bại? Bất công?\r\n\r\nBạn mệt mỏi tự hỏi tại sao bản thân đã cố gắng rất nhiều mà không được những người xung quanh yêu quý, không thể tìm được một công việc tốt?\r\n\r\nBạn muộn phiền tại sao bản thân đã cố gắng rất nhiều mà vẫn không có được gia đình hạnh phúc, không thể thăng tiến trong công việc?\r\n\r\nBạn đang thiếu điều gì?\r\n\r\nTrong một nghiên cứu của các giáo sư hàng đầu tại Mỹ, những người thành đạt trong cuộc sống chỉ có 15% do kiến thức chuyên môn, 85% còn lại được quyết định bởi những kỹ năng mềm họ được trang bị.\r\n\r\nHiểu được những vấn đề này, Edumall chúng tôi mong muốn chia sẻ tới các bạn một khóa học do Tiến Sĩ Lê Thẩm Dương biên soạn và giảng dạy trực tiếp về 1 loại kỹ năng mềm chủ đạo - kỹ năng giao tiếp.\r\n\r\nDưới phương pháp dạy bằng những tình huống chân thực, có hình ảnh, nội dung bài giảng rõ ràng rành mạch, được sắp xếp có hệ thống giúp học viên liên tưởng đến bản thân và rút ra được bài học cho riêng mình.\r\n\r\nQua đó, các bạn có thể nắm được:\r\n\r\n- 3 cơ sở của giao tiếp nhằm thỏa mãn tâm lý người đối diện.\r\n\r\n- 5 yếu tố tác động hành vi để áp dụng trong vận hành mối quan hệ khiến đối phương hành động theo ý mình.\r\n\r\n- 8 công thức nâng cao chất lượng mối quan hệ để khiến đối phương yêu thích và tin tưởng bạn hơn.\r\n\r\n- 4 công cụ giao tiếp để cư xử khôn khéo một cách hoàn toàn bản năng.\r\n\r\nYêu cầu của khóa học\r\n• Môi trường học yên tĩnh.\r\n• Có thiết bị truy cập Internet.\r\n• Nên sử dụng tai nghe trong quá trình học.\r\nLợi ích từ khóa học\r\n• Hiểu được tầm quan trọng của việc xây dựng mối quan hệ . \"Giao tiếp hoặc là chết.\"\r\n• Biết được cách thiết lập một thông điệp đúng.\r\n• Biết được phương tiện, cơ sở của giao tiếp trong việc tạo dựng mối quan hệ.\r\n• Nắm được các kỹ năng cơ bản của giao tiếp: kỹ năng nghe, nói, khen chê và phi ngôn ngữ.\r\nĐối tượng mục tiêu\r\n• Những học viên muốn tự tin nói, diễn đạt được ý tưởng trước đám đông, thể hiện bản thân trước nhà tuyển dụng.\r\n• Những học viên kỳ vọng thăng tiến, trở thành lãnh đạo cần chuẩn bị kỹ năng thiết yếu của người lãnh đạo.\r\n• Những học viên muốn cải thiện khả năng tư vấn, chăm sóc khách hàng.\r\n• Bất kì ai muôn cải thiện kĩ năng giao tiếp của bản thân.', 'Giáo trình Lê Thẩm Dương', 'ndc', 699000, 12, '2h2p', 'PLzbBRsexr0iHkkq1NozFH91Zi3WqhTLRc', '0000-00-00'),
(12, 'Học photoshop một cách bài bản để trở thành nhà thiết kế chuyên nghiệp', '', 'loild03.png', 1, 'Mô tả khoá học\r\nTổng quát\r\nBạn choáng ngợp với những poster \"độc và ngầu\" của các designer chuyên nghiệp và khao khát biến những bức ảnh của chính mình vượt trên cả sáng tạo. Thật đơn giản để hiện thực hóa mong ước đó chỉ với kiến thức và kĩ năng về Photoshop. \r\n\r\nDù bạn là phóng viên, marketer, designer, freelancer hay chỉ đơn giản là người đam mê chụp ảnh sáng tạo thì Photoshop vẫn là một công cụ hiệu quả để giúp bạn đạt được thành công trong công việc. Nhưng phải bắt đầu Photoshop từ đâu? Hiểu được điều đó, tôi đã cùng Edumall xây dựng khóa học \"Thành thạo Photoshop trong 7 ngày\". \r\n\r\nBằng phương pháp vừa giảng vừa thực hành cũng như thông qua việc chia sẻ kinh nghiệm thực tế trong quá trình làm việc nhằm mục tiêu giúp các bạn: \r\n\r\n• Hiểu và sử dụng được các công cụ, tính năng trong Photoshop.\r\n\r\n• Tự tay chỉnh sửa được các bức ảnh trở nên sống động, sáng tạo.\r\n\r\n• Tạo ra được các hiệu ứng chữ \"độc\" và nắm được cách làm việc siêu tốc với Photoshop.\r\n\r\n \r\n\r\nYêu cầu của khóa học\r\n• Môi trường học yên tĩnh.\r\n• Kết nối internet ổn định\r\n• Nên sử dụng tai nghe trong quá trình học.\r\n• Khuyến khích cài đặt phần mềm Adobe Photoshop CC 2015\r\nLợi ích từ khóa học\r\n• Thành thạo các công cụ cơ bản trong Photoshop.\r\n• Chỉnh sửa những bức ảnh chân dung hay phong cảnh theo cách ấn tượng.\r\n• Nắm được bí quyết làm việc Siêu tốc và Hiệu quả trong Photoshop thông qua việc sử dụng Plugin.\r\n• Tạo ra được poster siêu \"ngầu\" và \"độc\".\r\n• Biết cách blend màu để giúp bức ảnh trở nên kì thú.\r\n• Biết cách tạo các hiệu ứng chữ độc đáo.\r\nĐối tượng mục tiêu\r\n• Phóng viên, marketer, designer muốn truyền tải những ý tưởng độc đáo trong các poster và banner.\r\n• Freelancer muốn kiếm tiền từ việc chỉnh sửa ảnh.\r\n• Những người đam mê chụp ảnh, đam mê sáng tạo muốn tạo ra bức ảnh đẹp theo ý của riêng mình hay chỉ đơn giản là muốn những bức ảnh gia đình trở nên lung linh hơn.', 'Giáo trình Phạm Quang Huy', 'tk', 599000, 27, '4h33p', 'PLzbBRsexr0iHkkq1NozFH91Zi3WqhTLRc', '0000-00-00'),
(13, 'Hiến sĩ Lê Thẩm Dương tiết lộ bí quyết giao tiếp để thành công', 'Những bí quyết giao tiếp thỏa mãn tâm lý người đối diện, khiến đối phương yêu thích và tin tưởng bạn hơn', 'excel.png', 1, 'Mô tả khoá học\r\nTổng quát\r\nThất bại? Bất công?\r\n\r\nBạn mệt mỏi tự hỏi tại sao bản thân đã cố gắng rất nhiều mà không được những người xung quanh yêu quý, không thể tìm được một công việc tốt?\r\n\r\nBạn muộn phiền tại sao bản thân đã cố gắng rất nhiều mà vẫn không có được gia đình hạnh phúc, không thể thăng tiến trong công việc?\r\n\r\nBạn đang thiếu điều gì?\r\n\r\nTrong một nghiên cứu của các giáo sư hàng đầu tại Mỹ, những người thành đạt trong cuộc sống chỉ có 15% do kiến thức chuyên môn, 85% còn lại được quyết định bởi những kỹ năng mềm họ được trang bị.\r\n\r\nHiểu được những vấn đề này, Edumall chúng tôi mong muốn chia sẻ tới các bạn một khóa học do Tiến Sĩ Lê Thẩm Dương biên soạn và giảng dạy trực tiếp về 1 loại kỹ năng mềm chủ đạo - kỹ năng giao tiếp.\r\n\r\nDưới phương pháp dạy bằng những tình huống chân thực, có hình ảnh, nội dung bài giảng rõ ràng rành mạch, được sắp xếp có hệ thống giúp học viên liên tưởng đến bản thân và rút ra được bài học cho riêng mình.\r\n\r\nQua đó, các bạn có thể nắm được:\r\n\r\n- 3 cơ sở của giao tiếp nhằm thỏa mãn tâm lý người đối diện.\r\n\r\n- 5 yếu tố tác động hành vi để áp dụng trong vận hành mối quan hệ khiến đối phương hành động theo ý mình.\r\n\r\n- 8 công thức nâng cao chất lượng mối quan hệ để khiến đối phương yêu thích và tin tưởng bạn hơn.\r\n\r\n- 4 công cụ giao tiếp để cư xử khôn khéo một cách hoàn toàn bản năng.\r\n\r\nYêu cầu của khóa học\r\n• Môi trường học yên tĩnh.\r\n• Có thiết bị truy cập Internet.\r\n• Nên sử dụng tai nghe trong quá trình học.\r\nLợi ích từ khóa học\r\n• Hiểu được tầm quan trọng của việc xây dựng mối quan hệ . \"Giao tiếp hoặc là chết.\"\r\n• Biết được cách thiết lập một thông điệp đúng.\r\n• Biết được phương tiện, cơ sở của giao tiếp trong việc tạo dựng mối quan hệ.\r\n• Nắm được các kỹ năng cơ bản của giao tiếp: kỹ năng nghe, nói, khen chê và phi ngôn ngữ.\r\nĐối tượng mục tiêu\r\n• Những học viên muốn tự tin nói, diễn đạt được ý tưởng trước đám đông, thể hiện bản thân trước nhà tuyển dụng.\r\n• Những học viên kỳ vọng thăng tiến, trở thành lãnh đạo cần chuẩn bị kỹ năng thiết yếu của người lãnh đạo.\r\n• Những học viên muốn cải thiện khả năng tư vấn, chăm sóc khách hàng.\r\n• Bất kì ai muôn cải thiện kĩ năng giao tiếp của bản thân.', 'Giáo trình Lê Thẩm Dương', 'khac', 0, 12, '2h2p', 'PLzbBRsexr0iHkkq1NozFH91Zi3WqhTLRc', '0000-00-00'),
(14, 'Tiến sĩ Lê Thẩm Dương tiết lộ bí quyết giao tiếp để thành công', 'Những bí quyết giao tiếp thỏa mãn tâm lý người đối diện, khiến đối phương yêu thích và tin tưởng bạn hơn', 'excel.png', 1, 'Mô tả khoá học\r\nTổng quát\r\nThất bại? Bất công?\r\n\r\nBạn mệt mỏi tự hỏi tại sao bản thân đã cố gắng rất nhiều mà không được những người xung quanh yêu quý, không thể tìm được một công việc tốt?\r\n\r\nBạn muộn phiền tại sao bản thân đã cố gắng rất nhiều mà vẫn không có được gia đình hạnh phúc, không thể thăng tiến trong công việc?\r\n\r\nBạn đang thiếu điều gì?\r\n\r\nTrong một nghiên cứu của các giáo sư hàng đầu tại Mỹ, những người thành đạt trong cuộc sống chỉ có 15% do kiến thức chuyên môn, 85% còn lại được quyết định bởi những kỹ năng mềm họ được trang bị.\r\n\r\nHiểu được những vấn đề này, Edumall chúng tôi mong muốn chia sẻ tới các bạn một khóa học do Tiến Sĩ Lê Thẩm Dương biên soạn và giảng dạy trực tiếp về 1 loại kỹ năng mềm chủ đạo - kỹ năng giao tiếp.\r\n\r\nDưới phương pháp dạy bằng những tình huống chân thực, có hình ảnh, nội dung bài giảng rõ ràng rành mạch, được sắp xếp có hệ thống giúp học viên liên tưởng đến bản thân và rút ra được bài học cho riêng mình.\r\n\r\nQua đó, các bạn có thể nắm được:\r\n\r\n- 3 cơ sở của giao tiếp nhằm thỏa mãn tâm lý người đối diện.\r\n\r\n- 5 yếu tố tác động hành vi để áp dụng trong vận hành mối quan hệ khiến đối phương hành động theo ý mình.\r\n\r\n- 8 công thức nâng cao chất lượng mối quan hệ để khiến đối phương yêu thích và tin tưởng bạn hơn.\r\n\r\n- 4 công cụ giao tiếp để cư xử khôn khéo một cách hoàn toàn bản năng.\r\n\r\nYêu cầu của khóa học\r\n• Môi trường học yên tĩnh.\r\n• Có thiết bị truy cập Internet.\r\n• Nên sử dụng tai nghe trong quá trình học.\r\nLợi ích từ khóa học\r\n• Hiểu được tầm quan trọng của việc xây dựng mối quan hệ . \"Giao tiếp hoặc là chết.\"\r\n• Biết được cách thiết lập một thông điệp đúng.\r\n• Biết được phương tiện, cơ sở của giao tiếp trong việc tạo dựng mối quan hệ.\r\n• Nắm được các kỹ năng cơ bản của giao tiếp: kỹ năng nghe, nói, khen chê và phi ngôn ngữ.\r\nĐối tượng mục tiêu\r\n• Những học viên muốn tự tin nói, diễn đạt được ý tưởng trước đám đông, thể hiện bản thân trước nhà tuyển dụng.\r\n• Những học viên kỳ vọng thăng tiến, trở thành lãnh đạo cần chuẩn bị kỹ năng thiết yếu của người lãnh đạo.\r\n• Những học viên muốn cải thiện khả năng tư vấn, chăm sóc khách hàng.\r\n• Bất kì ai muôn cải thiện kĩ năng giao tiếp của bản thân.', 'Giáo trình Lê Thẩm Dương', 'ndc', 399000, 12, '2h2p', 'PLzbBRsexr0iHkkq1NozFH91Zi3WqhTLRc', '0000-00-00'),
(15, 'Tiến sĩ Lê Thẩm Dương tiết lộ bí quyết giao tiếp để thành công', 'Những bí quyết giao tiếp thỏa mãn tâm lý người đối diện, khiến đối phương yêu thích và tin tưởng bạn hơn', 'excel.png', 1, 'Mô tả khoá học\r\nTổng quát\r\nThất bại? Bất công?\r\n\r\nBạn mệt mỏi tự hỏi tại sao bản thân đã cố gắng rất nhiều mà không được những người xung quanh yêu quý, không thể tìm được một công việc tốt?\r\n\r\nBạn muộn phiền tại sao bản thân đã cố gắng rất nhiều mà vẫn không có được gia đình hạnh phúc, không thể thăng tiến trong công việc?\r\n\r\nBạn đang thiếu điều gì?\r\n\r\nTrong một nghiên cứu của các giáo sư hàng đầu tại Mỹ, những người thành đạt trong cuộc sống chỉ có 15% do kiến thức chuyên môn, 85% còn lại được quyết định bởi những kỹ năng mềm họ được trang bị.\r\n\r\nHiểu được những vấn đề này, Edumall chúng tôi mong muốn chia sẻ tới các bạn một khóa học do Tiến Sĩ Lê Thẩm Dương biên soạn và giảng dạy trực tiếp về 1 loại kỹ năng mềm chủ đạo - kỹ năng giao tiếp.\r\n\r\nDưới phương pháp dạy bằng những tình huống chân thực, có hình ảnh, nội dung bài giảng rõ ràng rành mạch, được sắp xếp có hệ thống giúp học viên liên tưởng đến bản thân và rút ra được bài học cho riêng mình.\r\n\r\nQua đó, các bạn có thể nắm được:\r\n\r\n- 3 cơ sở của giao tiếp nhằm thỏa mãn tâm lý người đối diện.\r\n\r\n- 5 yếu tố tác động hành vi để áp dụng trong vận hành mối quan hệ khiến đối phương hành động theo ý mình.\r\n\r\n- 8 công thức nâng cao chất lượng mối quan hệ để khiến đối phương yêu thích và tin tưởng bạn hơn.\r\n\r\n- 4 công cụ giao tiếp để cư xử khôn khéo một cách hoàn toàn bản năng.\r\n\r\nYêu cầu của khóa học\r\n• Môi trường học yên tĩnh.\r\n• Có thiết bị truy cập Internet.\r\n• Nên sử dụng tai nghe trong quá trình học.\r\nLợi ích từ khóa học\r\n• Hiểu được tầm quan trọng của việc xây dựng mối quan hệ . \"Giao tiếp hoặc là chết.\"\r\n• Biết được cách thiết lập một thông điệp đúng.\r\n• Biết được phương tiện, cơ sở của giao tiếp trong việc tạo dựng mối quan hệ.\r\n• Nắm được các kỹ năng cơ bản của giao tiếp: kỹ năng nghe, nói, khen chê và phi ngôn ngữ.\r\nĐối tượng mục tiêu\r\n• Những học viên muốn tự tin nói, diễn đạt được ý tưởng trước đám đông, thể hiện bản thân trước nhà tuyển dụng.\r\n• Những học viên kỳ vọng thăng tiến, trở thành lãnh đạo cần chuẩn bị kỹ năng thiết yếu của người lãnh đạo.\r\n• Những học viên muốn cải thiện khả năng tư vấn, chăm sóc khách hàng.\r\n• Bất kì ai muôn cải thiện kĩ năng giao tiếp của bản thân.', 'Giáo trình Lê Thẩm Dương', 'cntt', 699000, 12, '2h2p', 'PLzbBRsexr0iHkkq1NozFH91Zi3WqhTLRc', '0000-00-00'),
(16, 'Adobe Illustrator CC 2015 - Tổng quát cơ bản đến nâng cao', 'Học thiết kế bằng Adobe illustrator CC2015', 'loild01.png', 1, 'Mô tả khoá học\r\nTổng quát\r\nThất bại? Bất công?\r\n\r\nBạn mệt mỏi tự hỏi tại sao bản thân đã cố gắng rất nhiều mà không được những người xung quanh yêu quý, không thể tìm được một công việc tốt?\r\n\r\nBạn muộn phiền tại sao bản thân đã cố gắng rất nhiều mà vẫn không có được gia đình hạnh phúc, không thể thăng tiến trong công việc?\r\n\r\nBạn đang thiếu điều gì?\r\n\r\nTrong một nghiên cứu của các giáo sư hàng đầu tại Mỹ, những người thành đạt trong cuộc sống chỉ có 15% do kiến thức chuyên môn, 85% còn lại được quyết định bởi những kỹ năng mềm họ được trang bị.\r\n\r\nHiểu được những vấn đề này, Edumall chúng tôi mong muốn chia sẻ tới các bạn một khóa học do Tiến Sĩ Lê Thẩm Dương biên soạn và giảng dạy trực tiếp về 1 loại kỹ năng mềm chủ đạo - kỹ năng giao tiếp.\r\n\r\nDưới phương pháp dạy bằng những tình huống chân thực, có hình ảnh, nội dung bài giảng rõ ràng rành mạch, được sắp xếp có hệ thống giúp học viên liên tưởng đến bản thân và rút ra được bài học cho riêng mình.\r\n\r\nQua đó, các bạn có thể nắm được:\r\n\r\n- 3 cơ sở của giao tiếp nhằm thỏa mãn tâm lý người đối diện.\r\n\r\n- 5 yếu tố tác động hành vi để áp dụng trong vận hành mối quan hệ khiến đối phương hành động theo ý mình.\r\n\r\n- 8 công thức nâng cao chất lượng mối quan hệ để khiến đối phương yêu thích và tin tưởng bạn hơn.\r\n\r\n- 4 công cụ giao tiếp để cư xử khôn khéo một cách hoàn toàn bản năng.\r\n\r\nYêu cầu của khóa học\r\n• Môi trường học yên tĩnh.\r\n• Có thiết bị truy cập Internet.\r\n• Nên sử dụng tai nghe trong quá trình học.\r\nLợi ích từ khóa học\r\n• Hiểu được tầm quan trọng của việc xây dựng mối quan hệ . \"Giao tiếp hoặc là chết.\"\r\n• Biết được cách thiết lập một thông điệp đúng.\r\n• Biết được phương tiện, cơ sở của giao tiếp trong việc tạo dựng mối quan hệ.\r\n• Nắm được các kỹ năng cơ bản của giao tiếp: kỹ năng nghe, nói, khen chê và phi ngôn ngữ.\r\nĐối tượng mục tiêu\r\n• Những học viên muốn tự tin nói, diễn đạt được ý tưởng trước đám đông, thể hiện bản thân trước nhà tuyển dụng.\r\n• Những học viên kỳ vọng thăng tiến, trở thành lãnh đạo cần chuẩn bị kỹ năng thiết yếu của người lãnh đạo.\r\n• Những học viên muốn cải thiện khả năng tư vấn, chăm sóc khách hàng.\r\n• Bất kì ai muôn cải thiện kĩ năng giao tiếp của bản thân.', 'Giáo trình Lê Thẩm Dương', 'mkt', 699000, 12, '2h2p', 'PLzbBRsexr0iHkkq1NozFH91Zi3WqhTLRc', '0000-00-00'),
(18, 'Chiến sĩ Lê Thẩm Dương tiết lộ bí quyết giao tiếp để thành công', 'Những bí quyết giao tiếp thỏa mãn tâm lý người đối diện, khiến đối phương yêu thích và tin tưởng bạn hơn', 'excel.png', 1, 'Mô tả khoá học\r\nTổng quát\r\nThất bại? Bất công?\r\n\r\nBạn mệt mỏi tự hỏi tại sao bản thân đã cố gắng rất nhiều mà không được những người xung quanh yêu quý, không thể tìm được một công việc tốt?\r\n\r\nBạn muộn phiền tại sao bản thân đã cố gắng rất nhiều mà vẫn không có được gia đình hạnh phúc, không thể thăng tiến trong công việc?\r\n\r\nBạn đang thiếu điều gì?\r\n\r\nTrong một nghiên cứu của các giáo sư hàng đầu tại Mỹ, những người thành đạt trong cuộc sống chỉ có 15% do kiến thức chuyên môn, 85% còn lại được quyết định bởi những kỹ năng mềm họ được trang bị.\r\n\r\nHiểu được những vấn đề này, Edumall chúng tôi mong muốn chia sẻ tới các bạn một khóa học do Tiến Sĩ Lê Thẩm Dương biên soạn và giảng dạy trực tiếp về 1 loại kỹ năng mềm chủ đạo - kỹ năng giao tiếp.\r\n\r\nDưới phương pháp dạy bằng những tình huống chân thực, có hình ảnh, nội dung bài giảng rõ ràng rành mạch, được sắp xếp có hệ thống giúp học viên liên tưởng đến bản thân và rút ra được bài học cho riêng mình.\r\n\r\nQua đó, các bạn có thể nắm được:\r\n\r\n- 3 cơ sở của giao tiếp nhằm thỏa mãn tâm lý người đối diện.\r\n\r\n- 5 yếu tố tác động hành vi để áp dụng trong vận hành mối quan hệ khiến đối phương hành động theo ý mình.\r\n\r\n- 8 công thức nâng cao chất lượng mối quan hệ để khiến đối phương yêu thích và tin tưởng bạn hơn.\r\n\r\n- 4 công cụ giao tiếp để cư xử khôn khéo một cách hoàn toàn bản năng.\r\n\r\nYêu cầu của khóa học\r\n• Môi trường học yên tĩnh.\r\n• Có thiết bị truy cập Internet.\r\n• Nên sử dụng tai nghe trong quá trình học.\r\nLợi ích từ khóa học\r\n• Hiểu được tầm quan trọng của việc xây dựng mối quan hệ . \"Giao tiếp hoặc là chết.\"\r\n• Biết được cách thiết lập một thông điệp đúng.\r\n• Biết được phương tiện, cơ sở của giao tiếp trong việc tạo dựng mối quan hệ.\r\n• Nắm được các kỹ năng cơ bản của giao tiếp: kỹ năng nghe, nói, khen chê và phi ngôn ngữ.\r\nĐối tượng mục tiêu\r\n• Những học viên muốn tự tin nói, diễn đạt được ý tưởng trước đám đông, thể hiện bản thân trước nhà tuyển dụng.\r\n• Những học viên kỳ vọng thăng tiến, trở thành lãnh đạo cần chuẩn bị kỹ năng thiết yếu của người lãnh đạo.\r\n• Những học viên muốn cải thiện khả năng tư vấn, chăm sóc khách hàng.\r\n• Bất kì ai muôn cải thiện kĩ năng giao tiếp của bản thân.', 'Giáo trình Lê Thẩm Dương', 'ptbt', 699000, 12, '2h2p', 'PLzbBRsexr0iHkkq1NozFH91Zi3WqhTLRc', '0000-00-00'),
(19, 'Tiến sĩ Lê Thẩm Dương tiết lộ bí quyết giao tiếp để thành công', 'Những bí quyết giao tiếp thỏa mãn tâm lý người đối diện, khiến đối phương yêu thích và tin tưởng bạn hơn', 'excel.png', 1, 'Mô tả khoá học\r\nTổng quát\r\nThất bại? Bất công?\r\n\r\nBạn mệt mỏi tự hỏi tại sao bản thân đã cố gắng rất nhiều mà không được những người xung quanh yêu quý, không thể tìm được một công việc tốt?\r\n\r\nBạn muộn phiền tại sao bản thân đã cố gắng rất nhiều mà vẫn không có được gia đình hạnh phúc, không thể thăng tiến trong công việc?\r\n\r\nBạn đang thiếu điều gì?\r\n\r\nTrong một nghiên cứu của các giáo sư hàng đầu tại Mỹ, những người thành đạt trong cuộc sống chỉ có 15% do kiến thức chuyên môn, 85% còn lại được quyết định bởi những kỹ năng mềm họ được trang bị.\r\n\r\nHiểu được những vấn đề này, Edumall chúng tôi mong muốn chia sẻ tới các bạn một khóa học do Tiến Sĩ Lê Thẩm Dương biên soạn và giảng dạy trực tiếp về 1 loại kỹ năng mềm chủ đạo - kỹ năng giao tiếp.\r\n\r\nDưới phương pháp dạy bằng những tình huống chân thực, có hình ảnh, nội dung bài giảng rõ ràng rành mạch, được sắp xếp có hệ thống giúp học viên liên tưởng đến bản thân và rút ra được bài học cho riêng mình.\r\n\r\nQua đó, các bạn có thể nắm được:\r\n\r\n- 3 cơ sở của giao tiếp nhằm thỏa mãn tâm lý người đối diện.\r\n\r\n- 5 yếu tố tác động hành vi để áp dụng trong vận hành mối quan hệ khiến đối phương hành động theo ý mình.\r\n\r\n- 8 công thức nâng cao chất lượng mối quan hệ để khiến đối phương yêu thích và tin tưởng bạn hơn.\r\n\r\n- 4 công cụ giao tiếp để cư xử khôn khéo một cách hoàn toàn bản năng.\r\n\r\nYêu cầu của khóa học\r\n• Môi trường học yên tĩnh.\r\n• Có thiết bị truy cập Internet.\r\n• Nên sử dụng tai nghe trong quá trình học.\r\nLợi ích từ khóa học\r\n• Hiểu được tầm quan trọng của việc xây dựng mối quan hệ . \"Giao tiếp hoặc là chết.\"\r\n• Biết được cách thiết lập một thông điệp đúng.\r\n• Biết được phương tiện, cơ sở của giao tiếp trong việc tạo dựng mối quan hệ.\r\n• Nắm được các kỹ năng cơ bản của giao tiếp: kỹ năng nghe, nói, khen chê và phi ngôn ngữ.\r\nĐối tượng mục tiêu\r\n• Những học viên muốn tự tin nói, diễn đạt được ý tưởng trước đám đông, thể hiện bản thân trước nhà tuyển dụng.\r\n• Những học viên kỳ vọng thăng tiến, trở thành lãnh đạo cần chuẩn bị kỹ năng thiết yếu của người lãnh đạo.\r\n• Những học viên muốn cải thiện khả năng tư vấn, chăm sóc khách hàng.\r\n• Bất kì ai muôn cải thiện kĩ năng giao tiếp của bản thân.', 'Giáo trình Lê Thẩm Dương', 'ndc', 699000, 12, '2h2p', 'PLzbBRsexr0iHkkq1NozFH91Zi3WqhTLRc', '0000-00-00'),
(20, 'Học photoshop một cách bài bản để trở thành nhà thiết kế chuyên nghiệp', '', 'loild03.png', 1, 'Mô tả khoá học\r\nTổng quát\r\nBạn choáng ngợp với những poster \"độc và ngầu\" của các designer chuyên nghiệp và khao khát biến những bức ảnh của chính mình vượt trên cả sáng tạo. Thật đơn giản để hiện thực hóa mong ước đó chỉ với kiến thức và kĩ năng về Photoshop. \r\n\r\nDù bạn là phóng viên, marketer, designer, freelancer hay chỉ đơn giản là người đam mê chụp ảnh sáng tạo thì Photoshop vẫn là một công cụ hiệu quả để giúp bạn đạt được thành công trong công việc. Nhưng phải bắt đầu Photoshop từ đâu? Hiểu được điều đó, tôi đã cùng Edumall xây dựng khóa học \"Thành thạo Photoshop trong 7 ngày\". \r\n\r\nBằng phương pháp vừa giảng vừa thực hành cũng như thông qua việc chia sẻ kinh nghiệm thực tế trong quá trình làm việc nhằm mục tiêu giúp các bạn: \r\n\r\n• Hiểu và sử dụng được các công cụ, tính năng trong Photoshop.\r\n\r\n• Tự tay chỉnh sửa được các bức ảnh trở nên sống động, sáng tạo.\r\n\r\n• Tạo ra được các hiệu ứng chữ \"độc\" và nắm được cách làm việc siêu tốc với Photoshop.\r\n\r\n \r\n\r\nYêu cầu của khóa học\r\n• Môi trường học yên tĩnh.\r\n• Kết nối internet ổn định\r\n• Nên sử dụng tai nghe trong quá trình học.\r\n• Khuyến khích cài đặt phần mềm Adobe Photoshop CC 2015\r\nLợi ích từ khóa học\r\n• Thành thạo các công cụ cơ bản trong Photoshop.\r\n• Chỉnh sửa những bức ảnh chân dung hay phong cảnh theo cách ấn tượng.\r\n• Nắm được bí quyết làm việc Siêu tốc và Hiệu quả trong Photoshop thông qua việc sử dụng Plugin.\r\n• Tạo ra được poster siêu \"ngầu\" và \"độc\".\r\n• Biết cách blend màu để giúp bức ảnh trở nên kì thú.\r\n• Biết cách tạo các hiệu ứng chữ độc đáo.\r\nĐối tượng mục tiêu\r\n• Phóng viên, marketer, designer muốn truyền tải những ý tưởng độc đáo trong các poster và banner.\r\n• Freelancer muốn kiếm tiền từ việc chỉnh sửa ảnh.\r\n• Những người đam mê chụp ảnh, đam mê sáng tạo muốn tạo ra bức ảnh đẹp theo ý của riêng mình hay chỉ đơn giản là muốn những bức ảnh gia đình trở nên lung linh hơn.', 'Giáo trình Phạm Quang Huy', 'tk', 599000, 27, '4h33p', 'PLzbBRsexr0iHkkq1NozFH91Zi3WqhTLRc', '0000-00-00'),
(21, 'Hiến sĩ Lê Thẩm Dương tiết lộ bí quyết giao tiếp để thành công', 'Những bí quyết giao tiếp thỏa mãn tâm lý người đối diện, khiến đối phương yêu thích và tin tưởng bạn hơn', 'excel.png', 1, 'Mô tả khoá học\r\nTổng quát\r\nThất bại? Bất công?\r\n\r\nBạn mệt mỏi tự hỏi tại sao bản thân đã cố gắng rất nhiều mà không được những người xung quanh yêu quý, không thể tìm được một công việc tốt?\r\n\r\nBạn muộn phiền tại sao bản thân đã cố gắng rất nhiều mà vẫn không có được gia đình hạnh phúc, không thể thăng tiến trong công việc?\r\n\r\nBạn đang thiếu điều gì?\r\n\r\nTrong một nghiên cứu của các giáo sư hàng đầu tại Mỹ, những người thành đạt trong cuộc sống chỉ có 15% do kiến thức chuyên môn, 85% còn lại được quyết định bởi những kỹ năng mềm họ được trang bị.\r\n\r\nHiểu được những vấn đề này, Edumall chúng tôi mong muốn chia sẻ tới các bạn một khóa học do Tiến Sĩ Lê Thẩm Dương biên soạn và giảng dạy trực tiếp về 1 loại kỹ năng mềm chủ đạo - kỹ năng giao tiếp.\r\n\r\nDưới phương pháp dạy bằng những tình huống chân thực, có hình ảnh, nội dung bài giảng rõ ràng rành mạch, được sắp xếp có hệ thống giúp học viên liên tưởng đến bản thân và rút ra được bài học cho riêng mình.\r\n\r\nQua đó, các bạn có thể nắm được:\r\n\r\n- 3 cơ sở của giao tiếp nhằm thỏa mãn tâm lý người đối diện.\r\n\r\n- 5 yếu tố tác động hành vi để áp dụng trong vận hành mối quan hệ khiến đối phương hành động theo ý mình.\r\n\r\n- 8 công thức nâng cao chất lượng mối quan hệ để khiến đối phương yêu thích và tin tưởng bạn hơn.\r\n\r\n- 4 công cụ giao tiếp để cư xử khôn khéo một cách hoàn toàn bản năng.\r\n\r\nYêu cầu của khóa học\r\n• Môi trường học yên tĩnh.\r\n• Có thiết bị truy cập Internet.\r\n• Nên sử dụng tai nghe trong quá trình học.\r\nLợi ích từ khóa học\r\n• Hiểu được tầm quan trọng của việc xây dựng mối quan hệ . \"Giao tiếp hoặc là chết.\"\r\n• Biết được cách thiết lập một thông điệp đúng.\r\n• Biết được phương tiện, cơ sở của giao tiếp trong việc tạo dựng mối quan hệ.\r\n• Nắm được các kỹ năng cơ bản của giao tiếp: kỹ năng nghe, nói, khen chê và phi ngôn ngữ.\r\nĐối tượng mục tiêu\r\n• Những học viên muốn tự tin nói, diễn đạt được ý tưởng trước đám đông, thể hiện bản thân trước nhà tuyển dụng.\r\n• Những học viên kỳ vọng thăng tiến, trở thành lãnh đạo cần chuẩn bị kỹ năng thiết yếu của người lãnh đạo.\r\n• Những học viên muốn cải thiện khả năng tư vấn, chăm sóc khách hàng.\r\n• Bất kì ai muôn cải thiện kĩ năng giao tiếp của bản thân.', 'Giáo trình Lê Thẩm Dương', 'khac', 0, 12, '2h2p', 'PLzbBRsexr0iHkkq1NozFH91Zi3WqhTLRc', '0000-00-00');
INSERT INTO `course` (`id_cs`, `ten_cs`, `info_cs`, `thumb_cs`, `id_user`, `mota_cs`, `giaotrinh_cs`, `id_cate`, `gia_cs`, `sobh_cs`, `time_cs`, `playlist_key`, `created_date`) VALUES
(22, 'Tiến sĩ Lê Thẩm Dương tiết lộ bí quyết giao tiếp để thành công', 'Những bí quyết giao tiếp thỏa mãn tâm lý người đối diện, khiến đối phương yêu thích và tin tưởng bạn hơn', 'excel.png', 1, 'Mô tả khoá học\r\nTổng quát\r\nThất bại? Bất công?\r\n\r\nBạn mệt mỏi tự hỏi tại sao bản thân đã cố gắng rất nhiều mà không được những người xung quanh yêu quý, không thể tìm được một công việc tốt?\r\n\r\nBạn muộn phiền tại sao bản thân đã cố gắng rất nhiều mà vẫn không có được gia đình hạnh phúc, không thể thăng tiến trong công việc?\r\n\r\nBạn đang thiếu điều gì?\r\n\r\nTrong một nghiên cứu của các giáo sư hàng đầu tại Mỹ, những người thành đạt trong cuộc sống chỉ có 15% do kiến thức chuyên môn, 85% còn lại được quyết định bởi những kỹ năng mềm họ được trang bị.\r\n\r\nHiểu được những vấn đề này, Edumall chúng tôi mong muốn chia sẻ tới các bạn một khóa học do Tiến Sĩ Lê Thẩm Dương biên soạn và giảng dạy trực tiếp về 1 loại kỹ năng mềm chủ đạo - kỹ năng giao tiếp.\r\n\r\nDưới phương pháp dạy bằng những tình huống chân thực, có hình ảnh, nội dung bài giảng rõ ràng rành mạch, được sắp xếp có hệ thống giúp học viên liên tưởng đến bản thân và rút ra được bài học cho riêng mình.\r\n\r\nQua đó, các bạn có thể nắm được:\r\n\r\n- 3 cơ sở của giao tiếp nhằm thỏa mãn tâm lý người đối diện.\r\n\r\n- 5 yếu tố tác động hành vi để áp dụng trong vận hành mối quan hệ khiến đối phương hành động theo ý mình.\r\n\r\n- 8 công thức nâng cao chất lượng mối quan hệ để khiến đối phương yêu thích và tin tưởng bạn hơn.\r\n\r\n- 4 công cụ giao tiếp để cư xử khôn khéo một cách hoàn toàn bản năng.\r\n\r\nYêu cầu của khóa học\r\n• Môi trường học yên tĩnh.\r\n• Có thiết bị truy cập Internet.\r\n• Nên sử dụng tai nghe trong quá trình học.\r\nLợi ích từ khóa học\r\n• Hiểu được tầm quan trọng của việc xây dựng mối quan hệ . \"Giao tiếp hoặc là chết.\"\r\n• Biết được cách thiết lập một thông điệp đúng.\r\n• Biết được phương tiện, cơ sở của giao tiếp trong việc tạo dựng mối quan hệ.\r\n• Nắm được các kỹ năng cơ bản của giao tiếp: kỹ năng nghe, nói, khen chê và phi ngôn ngữ.\r\nĐối tượng mục tiêu\r\n• Những học viên muốn tự tin nói, diễn đạt được ý tưởng trước đám đông, thể hiện bản thân trước nhà tuyển dụng.\r\n• Những học viên kỳ vọng thăng tiến, trở thành lãnh đạo cần chuẩn bị kỹ năng thiết yếu của người lãnh đạo.\r\n• Những học viên muốn cải thiện khả năng tư vấn, chăm sóc khách hàng.\r\n• Bất kì ai muôn cải thiện kĩ năng giao tiếp của bản thân.', 'Giáo trình Lê Thẩm Dương', 'ndc', 399000, 12, '2h2p', 'PLzbBRsexr0iHkkq1NozFH91Zi3WqhTLRc', '0000-00-00'),
(23, 'Tiến sĩ Lê Thẩm Dương tiết lộ bí quyết giao tiếp để thành công', 'Những bí quyết giao tiếp thỏa mãn tâm lý người đối diện, khiến đối phương yêu thích và tin tưởng bạn hơn', 'excel.png', 1, 'Mô tả khoá học\r\nTổng quát\r\nThất bại? Bất công?\r\n\r\nBạn mệt mỏi tự hỏi tại sao bản thân đã cố gắng rất nhiều mà không được những người xung quanh yêu quý, không thể tìm được một công việc tốt?\r\n\r\nBạn muộn phiền tại sao bản thân đã cố gắng rất nhiều mà vẫn không có được gia đình hạnh phúc, không thể thăng tiến trong công việc?\r\n\r\nBạn đang thiếu điều gì?\r\n\r\nTrong một nghiên cứu của các giáo sư hàng đầu tại Mỹ, những người thành đạt trong cuộc sống chỉ có 15% do kiến thức chuyên môn, 85% còn lại được quyết định bởi những kỹ năng mềm họ được trang bị.\r\n\r\nHiểu được những vấn đề này, Edumall chúng tôi mong muốn chia sẻ tới các bạn một khóa học do Tiến Sĩ Lê Thẩm Dương biên soạn và giảng dạy trực tiếp về 1 loại kỹ năng mềm chủ đạo - kỹ năng giao tiếp.\r\n\r\nDưới phương pháp dạy bằng những tình huống chân thực, có hình ảnh, nội dung bài giảng rõ ràng rành mạch, được sắp xếp có hệ thống giúp học viên liên tưởng đến bản thân và rút ra được bài học cho riêng mình.\r\n\r\nQua đó, các bạn có thể nắm được:\r\n\r\n- 3 cơ sở của giao tiếp nhằm thỏa mãn tâm lý người đối diện.\r\n\r\n- 5 yếu tố tác động hành vi để áp dụng trong vận hành mối quan hệ khiến đối phương hành động theo ý mình.\r\n\r\n- 8 công thức nâng cao chất lượng mối quan hệ để khiến đối phương yêu thích và tin tưởng bạn hơn.\r\n\r\n- 4 công cụ giao tiếp để cư xử khôn khéo một cách hoàn toàn bản năng.\r\n\r\nYêu cầu của khóa học\r\n• Môi trường học yên tĩnh.\r\n• Có thiết bị truy cập Internet.\r\n• Nên sử dụng tai nghe trong quá trình học.\r\nLợi ích từ khóa học\r\n• Hiểu được tầm quan trọng của việc xây dựng mối quan hệ . \"Giao tiếp hoặc là chết.\"\r\n• Biết được cách thiết lập một thông điệp đúng.\r\n• Biết được phương tiện, cơ sở của giao tiếp trong việc tạo dựng mối quan hệ.\r\n• Nắm được các kỹ năng cơ bản của giao tiếp: kỹ năng nghe, nói, khen chê và phi ngôn ngữ.\r\nĐối tượng mục tiêu\r\n• Những học viên muốn tự tin nói, diễn đạt được ý tưởng trước đám đông, thể hiện bản thân trước nhà tuyển dụng.\r\n• Những học viên kỳ vọng thăng tiến, trở thành lãnh đạo cần chuẩn bị kỹ năng thiết yếu của người lãnh đạo.\r\n• Những học viên muốn cải thiện khả năng tư vấn, chăm sóc khách hàng.\r\n• Bất kì ai muôn cải thiện kĩ năng giao tiếp của bản thân.', 'Giáo trình Lê Thẩm Dương', 'cntt', 699000, 12, '2h2p', 'PLzbBRsexr0iHkkq1NozFH91Zi3WqhTLRc', '0000-00-00'),
(24, 'Adobe Illustrator CC 2015 - Tổng quát cơ bản đến nâng cao', 'Học thiết kế bằng Adobe illustrator CC2015', 'loild01.png', 1, 'Mô tả khoá học\r\nTổng quát\r\nThất bại? Bất công?\r\n\r\nBạn mệt mỏi tự hỏi tại sao bản thân đã cố gắng rất nhiều mà không được những người xung quanh yêu quý, không thể tìm được một công việc tốt?\r\n\r\nBạn muộn phiền tại sao bản thân đã cố gắng rất nhiều mà vẫn không có được gia đình hạnh phúc, không thể thăng tiến trong công việc?\r\n\r\nBạn đang thiếu điều gì?\r\n\r\nTrong một nghiên cứu của các giáo sư hàng đầu tại Mỹ, những người thành đạt trong cuộc sống chỉ có 15% do kiến thức chuyên môn, 85% còn lại được quyết định bởi những kỹ năng mềm họ được trang bị.\r\n\r\nHiểu được những vấn đề này, Edumall chúng tôi mong muốn chia sẻ tới các bạn một khóa học do Tiến Sĩ Lê Thẩm Dương biên soạn và giảng dạy trực tiếp về 1 loại kỹ năng mềm chủ đạo - kỹ năng giao tiếp.\r\n\r\nDưới phương pháp dạy bằng những tình huống chân thực, có hình ảnh, nội dung bài giảng rõ ràng rành mạch, được sắp xếp có hệ thống giúp học viên liên tưởng đến bản thân và rút ra được bài học cho riêng mình.\r\n\r\nQua đó, các bạn có thể nắm được:\r\n\r\n- 3 cơ sở của giao tiếp nhằm thỏa mãn tâm lý người đối diện.\r\n\r\n- 5 yếu tố tác động hành vi để áp dụng trong vận hành mối quan hệ khiến đối phương hành động theo ý mình.\r\n\r\n- 8 công thức nâng cao chất lượng mối quan hệ để khiến đối phương yêu thích và tin tưởng bạn hơn.\r\n\r\n- 4 công cụ giao tiếp để cư xử khôn khéo một cách hoàn toàn bản năng.\r\n\r\nYêu cầu của khóa học\r\n• Môi trường học yên tĩnh.\r\n• Có thiết bị truy cập Internet.\r\n• Nên sử dụng tai nghe trong quá trình học.\r\nLợi ích từ khóa học\r\n• Hiểu được tầm quan trọng của việc xây dựng mối quan hệ . \"Giao tiếp hoặc là chết.\"\r\n• Biết được cách thiết lập một thông điệp đúng.\r\n• Biết được phương tiện, cơ sở của giao tiếp trong việc tạo dựng mối quan hệ.\r\n• Nắm được các kỹ năng cơ bản của giao tiếp: kỹ năng nghe, nói, khen chê và phi ngôn ngữ.\r\nĐối tượng mục tiêu\r\n• Những học viên muốn tự tin nói, diễn đạt được ý tưởng trước đám đông, thể hiện bản thân trước nhà tuyển dụng.\r\n• Những học viên kỳ vọng thăng tiến, trở thành lãnh đạo cần chuẩn bị kỹ năng thiết yếu của người lãnh đạo.\r\n• Những học viên muốn cải thiện khả năng tư vấn, chăm sóc khách hàng.\r\n• Bất kì ai muôn cải thiện kĩ năng giao tiếp của bản thân.', 'Giáo trình Lê Thẩm Dương', 'cntt', 699000, 12, '2h2p', 'PLzbBRsexr0iHkkq1NozFH91Zi3WqhTLRc', '0000-00-00'),
(25, '27 chuyên đề Photoshop cho người mới bắt đầu', 'Giúp bạn hiểu và sử dụng được các công cụ, tính năng trong photoshop chỉ trong 7 ngày', 'vinhpq01.png', 1, 'Mô tả khoá học\r\nTổng quát\r\nBạn choáng ngợp với những poster \"độc và ngầu\" của các designer chuyên nghiệp và khao khát biến những bức ảnh của chính mình vượt trên cả sáng tạo. Thật đơn giản để hiện thực hóa mong ước đó chỉ với kiến thức và kĩ năng về Photoshop. \r\n\r\nDù bạn là phóng viên, marketer, designer, freelancer hay chỉ đơn giản là người đam mê chụp ảnh sáng tạo thì Photoshop vẫn là một công cụ hiệu quả để giúp bạn đạt được thành công trong công việc. Nhưng phải bắt đầu Photoshop từ đâu? Hiểu được điều đó, tôi đã cùng Edumall xây dựng khóa học \"Thành thạo Photoshop trong 7 ngày\". \r\n\r\nBằng phương pháp vừa giảng vừa thực hành cũng như thông qua việc chia sẻ kinh nghiệm thực tế trong quá trình làm việc nhằm mục tiêu giúp các bạn: \r\n\r\n• Hiểu và sử dụng được các công cụ, tính năng trong Photoshop.\r\n\r\n• Tự tay chỉnh sửa được các bức ảnh trở nên sống động, sáng tạo.\r\n\r\n• Tạo ra được các hiệu ứng chữ \"độc\" và nắm được cách làm việc siêu tốc với Photoshop.\r\n\r\n \r\n\r\nYêu cầu của khóa học\r\n• Môi trường học yên tĩnh.\r\n• Kết nối internet ổn định\r\n• Nên sử dụng tai nghe trong quá trình học.\r\n• Khuyến khích cài đặt phần mềm Adobe Photoshop CC 2015\r\nLợi ích từ khóa học\r\n• Thành thạo các công cụ cơ bản trong Photoshop.\r\n• Chỉnh sửa những bức ảnh chân dung hay phong cảnh theo cách ấn tượng.\r\n• Nắm được bí quyết làm việc Siêu tốc và Hiệu quả trong Photoshop thông qua việc sử dụng Plugin.\r\n• Tạo ra được poster siêu \"ngầu\" và \"độc\".\r\n• Biết cách blend màu để giúp bức ảnh trở nên kì thú.\r\n• Biết cách tạo các hiệu ứng chữ độc đáo.\r\nĐối tượng mục tiêu\r\n• Phóng viên, marketer, designer muốn truyền tải những ý tưởng độc đáo trong các poster và banner.\r\n• Freelancer muốn kiếm tiền từ việc chỉnh sửa ảnh.\r\n• Những người đam mê chụp ảnh, đam mê sáng tạo muốn tạo ra bức ảnh đẹp theo ý của riêng mình hay chỉ đơn giản là muốn những bức ảnh gia đình trở nên lung linh hơn.', 'Giáo trình Phạm Quang Huy', 'tk', 599000, 27, '4h33p', 'PLzbBRsexr0iHkkq1NozFH91Zi3WqhTLRc', '0000-00-00'),
(26, 'Chiến sĩ Lê Thẩm Dương tiết lộ bí quyết giao tiếp để thành công', 'Những bí quyết giao tiếp thỏa mãn tâm lý người đối diện, khiến đối phương yêu thích và tin tưởng bạn hơn', 'excel.png', 1, 'Mô tả khoá học\r\nTổng quát\r\nThất bại? Bất công?\r\n\r\nBạn mệt mỏi tự hỏi tại sao bản thân đã cố gắng rất nhiều mà không được những người xung quanh yêu quý, không thể tìm được một công việc tốt?\r\n\r\nBạn muộn phiền tại sao bản thân đã cố gắng rất nhiều mà vẫn không có được gia đình hạnh phúc, không thể thăng tiến trong công việc?\r\n\r\nBạn đang thiếu điều gì?\r\n\r\nTrong một nghiên cứu của các giáo sư hàng đầu tại Mỹ, những người thành đạt trong cuộc sống chỉ có 15% do kiến thức chuyên môn, 85% còn lại được quyết định bởi những kỹ năng mềm họ được trang bị.\r\n\r\nHiểu được những vấn đề này, Edumall chúng tôi mong muốn chia sẻ tới các bạn một khóa học do Tiến Sĩ Lê Thẩm Dương biên soạn và giảng dạy trực tiếp về 1 loại kỹ năng mềm chủ đạo - kỹ năng giao tiếp.\r\n\r\nDưới phương pháp dạy bằng những tình huống chân thực, có hình ảnh, nội dung bài giảng rõ ràng rành mạch, được sắp xếp có hệ thống giúp học viên liên tưởng đến bản thân và rút ra được bài học cho riêng mình.\r\n\r\nQua đó, các bạn có thể nắm được:\r\n\r\n- 3 cơ sở của giao tiếp nhằm thỏa mãn tâm lý người đối diện.\r\n\r\n- 5 yếu tố tác động hành vi để áp dụng trong vận hành mối quan hệ khiến đối phương hành động theo ý mình.\r\n\r\n- 8 công thức nâng cao chất lượng mối quan hệ để khiến đối phương yêu thích và tin tưởng bạn hơn.\r\n\r\n- 4 công cụ giao tiếp để cư xử khôn khéo một cách hoàn toàn bản năng.\r\n\r\nYêu cầu của khóa học\r\n• Môi trường học yên tĩnh.\r\n• Có thiết bị truy cập Internet.\r\n• Nên sử dụng tai nghe trong quá trình học.\r\nLợi ích từ khóa học\r\n• Hiểu được tầm quan trọng của việc xây dựng mối quan hệ . \"Giao tiếp hoặc là chết.\"\r\n• Biết được cách thiết lập một thông điệp đúng.\r\n• Biết được phương tiện, cơ sở của giao tiếp trong việc tạo dựng mối quan hệ.\r\n• Nắm được các kỹ năng cơ bản của giao tiếp: kỹ năng nghe, nói, khen chê và phi ngôn ngữ.\r\nĐối tượng mục tiêu\r\n• Những học viên muốn tự tin nói, diễn đạt được ý tưởng trước đám đông, thể hiện bản thân trước nhà tuyển dụng.\r\n• Những học viên kỳ vọng thăng tiến, trở thành lãnh đạo cần chuẩn bị kỹ năng thiết yếu của người lãnh đạo.\r\n• Những học viên muốn cải thiện khả năng tư vấn, chăm sóc khách hàng.\r\n• Bất kì ai muôn cải thiện kĩ năng giao tiếp của bản thân.', 'Giáo trình Lê Thẩm Dương', 'ptbt', 699000, 12, '2h2p', 'PLzbBRsexr0iHkkq1NozFH91Zi3WqhTLRc', '0000-00-00'),
(27, 'Tiến sĩ Lê Thẩm Dương tiết lộ bí quyết giao tiếp để thành công', 'Những bí quyết giao tiếp thỏa mãn tâm lý người đối diện, khiến đối phương yêu thích và tin tưởng bạn hơn', 'excel.png', 1, 'Mô tả khoá học\r\nTổng quát\r\nThất bại? Bất công?\r\n\r\nBạn mệt mỏi tự hỏi tại sao bản thân đã cố gắng rất nhiều mà không được những người xung quanh yêu quý, không thể tìm được một công việc tốt?\r\n\r\nBạn muộn phiền tại sao bản thân đã cố gắng rất nhiều mà vẫn không có được gia đình hạnh phúc, không thể thăng tiến trong công việc?\r\n\r\nBạn đang thiếu điều gì?\r\n\r\nTrong một nghiên cứu của các giáo sư hàng đầu tại Mỹ, những người thành đạt trong cuộc sống chỉ có 15% do kiến thức chuyên môn, 85% còn lại được quyết định bởi những kỹ năng mềm họ được trang bị.\r\n\r\nHiểu được những vấn đề này, Edumall chúng tôi mong muốn chia sẻ tới các bạn một khóa học do Tiến Sĩ Lê Thẩm Dương biên soạn và giảng dạy trực tiếp về 1 loại kỹ năng mềm chủ đạo - kỹ năng giao tiếp.\r\n\r\nDưới phương pháp dạy bằng những tình huống chân thực, có hình ảnh, nội dung bài giảng rõ ràng rành mạch, được sắp xếp có hệ thống giúp học viên liên tưởng đến bản thân và rút ra được bài học cho riêng mình.\r\n\r\nQua đó, các bạn có thể nắm được:\r\n\r\n- 3 cơ sở của giao tiếp nhằm thỏa mãn tâm lý người đối diện.\r\n\r\n- 5 yếu tố tác động hành vi để áp dụng trong vận hành mối quan hệ khiến đối phương hành động theo ý mình.\r\n\r\n- 8 công thức nâng cao chất lượng mối quan hệ để khiến đối phương yêu thích và tin tưởng bạn hơn.\r\n\r\n- 4 công cụ giao tiếp để cư xử khôn khéo một cách hoàn toàn bản năng.\r\n\r\nYêu cầu của khóa học\r\n• Môi trường học yên tĩnh.\r\n• Có thiết bị truy cập Internet.\r\n• Nên sử dụng tai nghe trong quá trình học.\r\nLợi ích từ khóa học\r\n• Hiểu được tầm quan trọng của việc xây dựng mối quan hệ . \"Giao tiếp hoặc là chết.\"\r\n• Biết được cách thiết lập một thông điệp đúng.\r\n• Biết được phương tiện, cơ sở của giao tiếp trong việc tạo dựng mối quan hệ.\r\n• Nắm được các kỹ năng cơ bản của giao tiếp: kỹ năng nghe, nói, khen chê và phi ngôn ngữ.\r\nĐối tượng mục tiêu\r\n• Những học viên muốn tự tin nói, diễn đạt được ý tưởng trước đám đông, thể hiện bản thân trước nhà tuyển dụng.\r\n• Những học viên kỳ vọng thăng tiến, trở thành lãnh đạo cần chuẩn bị kỹ năng thiết yếu của người lãnh đạo.\r\n• Những học viên muốn cải thiện khả năng tư vấn, chăm sóc khách hàng.\r\n• Bất kì ai muôn cải thiện kĩ năng giao tiếp của bản thân.', 'Giáo trình Lê Thẩm Dương', 'ndc', 699000, 12, '2h2p', 'PLzbBRsexr0iHkkq1NozFH91Zi3WqhTLRc', '0000-00-00'),
(28, 'Học photoshop một cách bài bản để trở thành nhà thiết kế chuyên nghiệp', '', 'loild03.png', 1, 'Mô tả khoá học\r\nTổng quát\r\nBạn choáng ngợp với những poster \"độc và ngầu\" của các designer chuyên nghiệp và khao khát biến những bức ảnh của chính mình vượt trên cả sáng tạo. Thật đơn giản để hiện thực hóa mong ước đó chỉ với kiến thức và kĩ năng về Photoshop. \r\n\r\nDù bạn là phóng viên, marketer, designer, freelancer hay chỉ đơn giản là người đam mê chụp ảnh sáng tạo thì Photoshop vẫn là một công cụ hiệu quả để giúp bạn đạt được thành công trong công việc. Nhưng phải bắt đầu Photoshop từ đâu? Hiểu được điều đó, tôi đã cùng Edumall xây dựng khóa học \"Thành thạo Photoshop trong 7 ngày\". \r\n\r\nBằng phương pháp vừa giảng vừa thực hành cũng như thông qua việc chia sẻ kinh nghiệm thực tế trong quá trình làm việc nhằm mục tiêu giúp các bạn: \r\n\r\n• Hiểu và sử dụng được các công cụ, tính năng trong Photoshop.\r\n\r\n• Tự tay chỉnh sửa được các bức ảnh trở nên sống động, sáng tạo.\r\n\r\n• Tạo ra được các hiệu ứng chữ \"độc\" và nắm được cách làm việc siêu tốc với Photoshop.\r\n\r\n \r\n\r\nYêu cầu của khóa học\r\n• Môi trường học yên tĩnh.\r\n• Kết nối internet ổn định\r\n• Nên sử dụng tai nghe trong quá trình học.\r\n• Khuyến khích cài đặt phần mềm Adobe Photoshop CC 2015\r\nLợi ích từ khóa học\r\n• Thành thạo các công cụ cơ bản trong Photoshop.\r\n• Chỉnh sửa những bức ảnh chân dung hay phong cảnh theo cách ấn tượng.\r\n• Nắm được bí quyết làm việc Siêu tốc và Hiệu quả trong Photoshop thông qua việc sử dụng Plugin.\r\n• Tạo ra được poster siêu \"ngầu\" và \"độc\".\r\n• Biết cách blend màu để giúp bức ảnh trở nên kì thú.\r\n• Biết cách tạo các hiệu ứng chữ độc đáo.\r\nĐối tượng mục tiêu\r\n• Phóng viên, marketer, designer muốn truyền tải những ý tưởng độc đáo trong các poster và banner.\r\n• Freelancer muốn kiếm tiền từ việc chỉnh sửa ảnh.\r\n• Những người đam mê chụp ảnh, đam mê sáng tạo muốn tạo ra bức ảnh đẹp theo ý của riêng mình hay chỉ đơn giản là muốn những bức ảnh gia đình trở nên lung linh hơn.', 'Giáo trình Phạm Quang Huy', 'tk', 599000, 27, '4h33p', 'PLzbBRsexr0iHkkq1NozFH91Zi3WqhTLRc', '0000-00-00'),
(29, 'Hiến sĩ Lê Thẩm Dương tiết lộ bí quyết giao tiếp để thành công', 'Những bí quyết giao tiếp thỏa mãn tâm lý người đối diện, khiến đối phương yêu thích và tin tưởng bạn hơn', 'excel.png', 1, 'Mô tả khoá học\r\nTổng quát\r\nThất bại? Bất công?\r\n\r\nBạn mệt mỏi tự hỏi tại sao bản thân đã cố gắng rất nhiều mà không được những người xung quanh yêu quý, không thể tìm được một công việc tốt?\r\n\r\nBạn muộn phiền tại sao bản thân đã cố gắng rất nhiều mà vẫn không có được gia đình hạnh phúc, không thể thăng tiến trong công việc?\r\n\r\nBạn đang thiếu điều gì?\r\n\r\nTrong một nghiên cứu của các giáo sư hàng đầu tại Mỹ, những người thành đạt trong cuộc sống chỉ có 15% do kiến thức chuyên môn, 85% còn lại được quyết định bởi những kỹ năng mềm họ được trang bị.\r\n\r\nHiểu được những vấn đề này, Edumall chúng tôi mong muốn chia sẻ tới các bạn một khóa học do Tiến Sĩ Lê Thẩm Dương biên soạn và giảng dạy trực tiếp về 1 loại kỹ năng mềm chủ đạo - kỹ năng giao tiếp.\r\n\r\nDưới phương pháp dạy bằng những tình huống chân thực, có hình ảnh, nội dung bài giảng rõ ràng rành mạch, được sắp xếp có hệ thống giúp học viên liên tưởng đến bản thân và rút ra được bài học cho riêng mình.\r\n\r\nQua đó, các bạn có thể nắm được:\r\n\r\n- 3 cơ sở của giao tiếp nhằm thỏa mãn tâm lý người đối diện.\r\n\r\n- 5 yếu tố tác động hành vi để áp dụng trong vận hành mối quan hệ khiến đối phương hành động theo ý mình.\r\n\r\n- 8 công thức nâng cao chất lượng mối quan hệ để khiến đối phương yêu thích và tin tưởng bạn hơn.\r\n\r\n- 4 công cụ giao tiếp để cư xử khôn khéo một cách hoàn toàn bản năng.\r\n\r\nYêu cầu của khóa học\r\n• Môi trường học yên tĩnh.\r\n• Có thiết bị truy cập Internet.\r\n• Nên sử dụng tai nghe trong quá trình học.\r\nLợi ích từ khóa học\r\n• Hiểu được tầm quan trọng của việc xây dựng mối quan hệ . \"Giao tiếp hoặc là chết.\"\r\n• Biết được cách thiết lập một thông điệp đúng.\r\n• Biết được phương tiện, cơ sở của giao tiếp trong việc tạo dựng mối quan hệ.\r\n• Nắm được các kỹ năng cơ bản của giao tiếp: kỹ năng nghe, nói, khen chê và phi ngôn ngữ.\r\nĐối tượng mục tiêu\r\n• Những học viên muốn tự tin nói, diễn đạt được ý tưởng trước đám đông, thể hiện bản thân trước nhà tuyển dụng.\r\n• Những học viên kỳ vọng thăng tiến, trở thành lãnh đạo cần chuẩn bị kỹ năng thiết yếu của người lãnh đạo.\r\n• Những học viên muốn cải thiện khả năng tư vấn, chăm sóc khách hàng.\r\n• Bất kì ai muôn cải thiện kĩ năng giao tiếp của bản thân.', 'Giáo trình Lê Thẩm Dương', 'khac', 0, 12, '2h2p', 'PLzbBRsexr0iHkkq1NozFH91Zi3WqhTLRc', '0000-00-00'),
(30, 'Tiến sĩ Lê Thẩm Dương tiết lộ bí quyết giao tiếp để thành công', 'Những bí quyết giao tiếp thỏa mãn tâm lý người đối diện, khiến đối phương yêu thích và tin tưởng bạn hơn', 'excel.png', 1, 'Mô tả khoá học\r\nTổng quát\r\nThất bại? Bất công?\r\n\r\nBạn mệt mỏi tự hỏi tại sao bản thân đã cố gắng rất nhiều mà không được những người xung quanh yêu quý, không thể tìm được một công việc tốt?\r\n\r\nBạn muộn phiền tại sao bản thân đã cố gắng rất nhiều mà vẫn không có được gia đình hạnh phúc, không thể thăng tiến trong công việc?\r\n\r\nBạn đang thiếu điều gì?\r\n\r\nTrong một nghiên cứu của các giáo sư hàng đầu tại Mỹ, những người thành đạt trong cuộc sống chỉ có 15% do kiến thức chuyên môn, 85% còn lại được quyết định bởi những kỹ năng mềm họ được trang bị.\r\n\r\nHiểu được những vấn đề này, Edumall chúng tôi mong muốn chia sẻ tới các bạn một khóa học do Tiến Sĩ Lê Thẩm Dương biên soạn và giảng dạy trực tiếp về 1 loại kỹ năng mềm chủ đạo - kỹ năng giao tiếp.\r\n\r\nDưới phương pháp dạy bằng những tình huống chân thực, có hình ảnh, nội dung bài giảng rõ ràng rành mạch, được sắp xếp có hệ thống giúp học viên liên tưởng đến bản thân và rút ra được bài học cho riêng mình.\r\n\r\nQua đó, các bạn có thể nắm được:\r\n\r\n- 3 cơ sở của giao tiếp nhằm thỏa mãn tâm lý người đối diện.\r\n\r\n- 5 yếu tố tác động hành vi để áp dụng trong vận hành mối quan hệ khiến đối phương hành động theo ý mình.\r\n\r\n- 8 công thức nâng cao chất lượng mối quan hệ để khiến đối phương yêu thích và tin tưởng bạn hơn.\r\n\r\n- 4 công cụ giao tiếp để cư xử khôn khéo một cách hoàn toàn bản năng.\r\n\r\nYêu cầu của khóa học\r\n• Môi trường học yên tĩnh.\r\n• Có thiết bị truy cập Internet.\r\n• Nên sử dụng tai nghe trong quá trình học.\r\nLợi ích từ khóa học\r\n• Hiểu được tầm quan trọng của việc xây dựng mối quan hệ . \"Giao tiếp hoặc là chết.\"\r\n• Biết được cách thiết lập một thông điệp đúng.\r\n• Biết được phương tiện, cơ sở của giao tiếp trong việc tạo dựng mối quan hệ.\r\n• Nắm được các kỹ năng cơ bản của giao tiếp: kỹ năng nghe, nói, khen chê và phi ngôn ngữ.\r\nĐối tượng mục tiêu\r\n• Những học viên muốn tự tin nói, diễn đạt được ý tưởng trước đám đông, thể hiện bản thân trước nhà tuyển dụng.\r\n• Những học viên kỳ vọng thăng tiến, trở thành lãnh đạo cần chuẩn bị kỹ năng thiết yếu của người lãnh đạo.\r\n• Những học viên muốn cải thiện khả năng tư vấn, chăm sóc khách hàng.\r\n• Bất kì ai muôn cải thiện kĩ năng giao tiếp của bản thân.', 'Giáo trình Lê Thẩm Dương', 'ndc', 399000, 12, '2h2p', 'PLzbBRsexr0iHkkq1NozFH91Zi3WqhTLRc', '0000-00-00'),
(32, 'Adobe Illustrator CC 2015 - Tổng quát cơ bản đến nâng cao', 'Học thiết kế bằng Adobe illustrator CC2015', 'loild01.png', 1, 'Mô tả khoá học\r\nTổng quát\r\nThất bại? Bất công?\r\n\r\nBạn mệt mỏi tự hỏi tại sao bản thân đã cố gắng rất nhiều mà không được những người xung quanh yêu quý, không thể tìm được một công việc tốt?\r\n\r\nBạn muộn phiền tại sao bản thân đã cố gắng rất nhiều mà vẫn không có được gia đình hạnh phúc, không thể thăng tiến trong công việc?\r\n\r\nBạn đang thiếu điều gì?\r\n\r\nTrong một nghiên cứu của các giáo sư hàng đầu tại Mỹ, những người thành đạt trong cuộc sống chỉ có 15% do kiến thức chuyên môn, 85% còn lại được quyết định bởi những kỹ năng mềm họ được trang bị.\r\n\r\nHiểu được những vấn đề này, Edumall chúng tôi mong muốn chia sẻ tới các bạn một khóa học do Tiến Sĩ Lê Thẩm Dương biên soạn và giảng dạy trực tiếp về 1 loại kỹ năng mềm chủ đạo - kỹ năng giao tiếp.\r\n\r\nDưới phương pháp dạy bằng những tình huống chân thực, có hình ảnh, nội dung bài giảng rõ ràng rành mạch, được sắp xếp có hệ thống giúp học viên liên tưởng đến bản thân và rút ra được bài học cho riêng mình.\r\n\r\nQua đó, các bạn có thể nắm được:\r\n\r\n- 3 cơ sở của giao tiếp nhằm thỏa mãn tâm lý người đối diện.\r\n\r\n- 5 yếu tố tác động hành vi để áp dụng trong vận hành mối quan hệ khiến đối phương hành động theo ý mình.\r\n\r\n- 8 công thức nâng cao chất lượng mối quan hệ để khiến đối phương yêu thích và tin tưởng bạn hơn.\r\n\r\n- 4 công cụ giao tiếp để cư xử khôn khéo một cách hoàn toàn bản năng.\r\n\r\nYêu cầu của khóa học\r\n• Môi trường học yên tĩnh.\r\n• Có thiết bị truy cập Internet.\r\n• Nên sử dụng tai nghe trong quá trình học.\r\nLợi ích từ khóa học\r\n• Hiểu được tầm quan trọng của việc xây dựng mối quan hệ . \"Giao tiếp hoặc là chết.\"\r\n• Biết được cách thiết lập một thông điệp đúng.\r\n• Biết được phương tiện, cơ sở của giao tiếp trong việc tạo dựng mối quan hệ.\r\n• Nắm được các kỹ năng cơ bản của giao tiếp: kỹ năng nghe, nói, khen chê và phi ngôn ngữ.\r\nĐối tượng mục tiêu\r\n• Những học viên muốn tự tin nói, diễn đạt được ý tưởng trước đám đông, thể hiện bản thân trước nhà tuyển dụng.\r\n• Những học viên kỳ vọng thăng tiến, trở thành lãnh đạo cần chuẩn bị kỹ năng thiết yếu của người lãnh đạo.\r\n• Những học viên muốn cải thiện khả năng tư vấn, chăm sóc khách hàng.\r\n• Bất kì ai muôn cải thiện kĩ năng giao tiếp của bản thân.', 'Giáo trình Lê Thẩm Dương', 'cntt', 699000, 12, '2h2p', 'PLzbBRsexr0iHkkq1NozFH91Zi3WqhTLRc', '0000-00-00'),
(34, 'Nông Văn Khánh', 'Giúp bạn hiểu và sử dụng được các công cụ, tính năng trong photoshop chỉ trong 7 ngày', 'vinhpq01.png', 1, 'Mô tả khoá học\r\nTổng quát\r\nBạn choáng ngợp với những poster \"độc và ngầu\" của các designer chuyên nghiệp và khao khát biến những bức ảnh của chính mình vượt trên cả sáng tạo. Thật đơn giản để hiện thực hóa mong ước đó chỉ với kiến thức và kĩ năng về Photoshop. \r\n\r\nDù bạn là phóng viên, marketer, designer, freelancer hay chỉ đơn giản là người đam mê chụp ảnh sáng tạo thì Photoshop vẫn là một công cụ hiệu quả để giúp bạn đạt được thành công trong công việc. Nhưng phải bắt đầu Photoshop từ đâu? Hiểu được điều đó, tôi đã cùng Edumall xây dựng khóa học \"Thành thạo Photoshop trong 7 ngày\". \r\n\r\nBằng phương pháp vừa giảng vừa thực hành cũng như thông qua việc chia sẻ kinh nghiệm thực tế trong quá trình làm việc nhằm mục tiêu giúp các bạn: \r\n\r\n• Hiểu và sử dụng được các công cụ, tính năng trong Photoshop.\r\n\r\n• Tự tay chỉnh sửa được các bức ảnh trở nên sống động, sáng tạo.\r\n\r\n• Tạo ra được các hiệu ứng chữ \"độc\" và nắm được cách làm việc siêu tốc với Photoshop.\r\n\r\n \r\n\r\nYêu cầu của khóa học\r\n• Môi trường học yên tĩnh.\r\n• Kết nối internet ổn định\r\n• Nên sử dụng tai nghe trong quá trình học.\r\n• Khuyến khích cài đặt phần mềm Adobe Photoshop CC 2015\r\nLợi ích từ khóa học\r\n• Thành thạo các công cụ cơ bản trong Photoshop.\r\n• Chỉnh sửa những bức ảnh chân dung hay phong cảnh theo cách ấn tượng.\r\n• Nắm được bí quyết làm việc Siêu tốc và Hiệu quả trong Photoshop thông qua việc sử dụng Plugin.\r\n• Tạo ra được poster siêu \"ngầu\" và \"độc\".\r\n• Biết cách blend màu để giúp bức ảnh trở nên kì thú.\r\n• Biết cách tạo các hiệu ứng chữ độc đáo.\r\nĐối tượng mục tiêu\r\n• Phóng viên, marketer, designer muốn truyền tải những ý tưởng độc đáo trong các poster và banner.\r\n• Freelancer muốn kiếm tiền từ việc chỉnh sửa ảnh.\r\n• Những người đam mê chụp ảnh, đam mê sáng tạo muốn tạo ra bức ảnh đẹp theo ý của riêng mình hay chỉ đơn giản là muốn những bức ảnh gia đình trở nên lung linh hơn.', 'Giáo trình Phạm Quang Huy', 'kdkn', 599000, 27, '4h33p', 'PLzbBRsexr0iHkkq1NozFH91Zi3WqhTLRc', '0000-00-00'),
(35, 'Nông Văn Khánh', 'Giúp bạn hiểu và sử dụng được các công cụ, tính năng trong photoshop chỉ trong 7 ngày', 'vinhpq01.png', 1, 'Mô tả khoá học\r\nTổng quát\r\nBạn choáng ngợp với những poster \"độc và ngầu\" của các designer chuyên nghiệp và khao khát biến những bức ảnh của chính mình vượt trên cả sáng tạo. Thật đơn giản để hiện thực hóa mong ước đó chỉ với kiến thức và kĩ năng về Photoshop. \r\n\r\nDù bạn là phóng viên, marketer, designer, freelancer hay chỉ đơn giản là người đam mê chụp ảnh sáng tạo thì Photoshop vẫn là một công cụ hiệu quả để giúp bạn đạt được thành công trong công việc. Nhưng phải bắt đầu Photoshop từ đâu? Hiểu được điều đó, tôi đã cùng Edumall xây dựng khóa học \"Thành thạo Photoshop trong 7 ngày\". \r\n\r\nBằng phương pháp vừa giảng vừa thực hành cũng như thông qua việc chia sẻ kinh nghiệm thực tế trong quá trình làm việc nhằm mục tiêu giúp các bạn: \r\n\r\n• Hiểu và sử dụng được các công cụ, tính năng trong Photoshop.\r\n\r\n• Tự tay chỉnh sửa được các bức ảnh trở nên sống động, sáng tạo.\r\n\r\n• Tạo ra được các hiệu ứng chữ \"độc\" và nắm được cách làm việc siêu tốc với Photoshop.\r\n\r\n \r\n\r\nYêu cầu của khóa học\r\n• Môi trường học yên tĩnh.\r\n• Kết nối internet ổn định\r\n• Nên sử dụng tai nghe trong quá trình học.\r\n• Khuyến khích cài đặt phần mềm Adobe Photoshop CC 2015\r\nLợi ích từ khóa học\r\n• Thành thạo các công cụ cơ bản trong Photoshop.\r\n• Chỉnh sửa những bức ảnh chân dung hay phong cảnh theo cách ấn tượng.\r\n• Nắm được bí quyết làm việc Siêu tốc và Hiệu quả trong Photoshop thông qua việc sử dụng Plugin.\r\n• Tạo ra được poster siêu \"ngầu\" và \"độc\".\r\n• Biết cách blend màu để giúp bức ảnh trở nên kì thú.\r\n• Biết cách tạo các hiệu ứng chữ độc đáo.\r\nĐối tượng mục tiêu\r\n• Phóng viên, marketer, designer muốn truyền tải những ý tưởng độc đáo trong các poster và banner.\r\n• Freelancer muốn kiếm tiền từ việc chỉnh sửa ảnh.\r\n• Những người đam mê chụp ảnh, đam mê sáng tạo muốn tạo ra bức ảnh đẹp theo ý của riêng mình hay chỉ đơn giản là muốn những bức ảnh gia đình trở nên lung linh hơn.', 'Giáo trình Phạm Quang Huy', 'kdkn', 599000, 27, '4h33p', 'PLzbBRsexr0iHkkq1NozFH91Zi3WqhTLRc', '0000-00-00'),
(36, 'Nông Văn Khánh', 'Giúp bạn hiểu và sử dụng được các công cụ, tính năng trong photoshop chỉ trong 7 ngày', 'vinhpq01.png', 1, 'Mô tả khoá học\r\nTổng quát\r\nBạn choáng ngợp với những poster \"độc và ngầu\" của các designer chuyên nghiệp và khao khát biến những bức ảnh của chính mình vượt trên cả sáng tạo. Thật đơn giản để hiện thực hóa mong ước đó chỉ với kiến thức và kĩ năng về Photoshop. \r\n\r\nDù bạn là phóng viên, marketer, designer, freelancer hay chỉ đơn giản là người đam mê chụp ảnh sáng tạo thì Photoshop vẫn là một công cụ hiệu quả để giúp bạn đạt được thành công trong công việc. Nhưng phải bắt đầu Photoshop từ đâu? Hiểu được điều đó, tôi đã cùng Edumall xây dựng khóa học \"Thành thạo Photoshop trong 7 ngày\". \r\n\r\nBằng phương pháp vừa giảng vừa thực hành cũng như thông qua việc chia sẻ kinh nghiệm thực tế trong quá trình làm việc nhằm mục tiêu giúp các bạn: \r\n\r\n• Hiểu và sử dụng được các công cụ, tính năng trong Photoshop.\r\n\r\n• Tự tay chỉnh sửa được các bức ảnh trở nên sống động, sáng tạo.\r\n\r\n• Tạo ra được các hiệu ứng chữ \"độc\" và nắm được cách làm việc siêu tốc với Photoshop.\r\n\r\n \r\n\r\nYêu cầu của khóa học\r\n• Môi trường học yên tĩnh.\r\n• Kết nối internet ổn định\r\n• Nên sử dụng tai nghe trong quá trình học.\r\n• Khuyến khích cài đặt phần mềm Adobe Photoshop CC 2015\r\nLợi ích từ khóa học\r\n• Thành thạo các công cụ cơ bản trong Photoshop.\r\n• Chỉnh sửa những bức ảnh chân dung hay phong cảnh theo cách ấn tượng.\r\n• Nắm được bí quyết làm việc Siêu tốc và Hiệu quả trong Photoshop thông qua việc sử dụng Plugin.\r\n• Tạo ra được poster siêu \"ngầu\" và \"độc\".\r\n• Biết cách blend màu để giúp bức ảnh trở nên kì thú.\r\n• Biết cách tạo các hiệu ứng chữ độc đáo.\r\nĐối tượng mục tiêu\r\n• Phóng viên, marketer, designer muốn truyền tải những ý tưởng độc đáo trong các poster và banner.\r\n• Freelancer muốn kiếm tiền từ việc chỉnh sửa ảnh.\r\n• Những người đam mê chụp ảnh, đam mê sáng tạo muốn tạo ra bức ảnh đẹp theo ý của riêng mình hay chỉ đơn giản là muốn những bức ảnh gia đình trở nên lung linh hơn.', 'Giáo trình Phạm Quang Huy', 'kdkn', 599000, 27, '4h33p', 'PLzbBRsexr0iHkkq1NozFH91Zi3WqhTLRc', '0000-00-00'),
(37, 'Nông Văn Khánh', 'Giúp bạn hiểu và sử dụng được các công cụ, tính năng trong photoshop chỉ trong 7 ngày', 'vinhpq01.png', 1, 'Mô tả khoá học\r\nTổng quát\r\nBạn choáng ngợp với những poster \"độc và ngầu\" của các designer chuyên nghiệp và khao khát biến những bức ảnh của chính mình vượt trên cả sáng tạo. Thật đơn giản để hiện thực hóa mong ước đó chỉ với kiến thức và kĩ năng về Photoshop. \r\n\r\nDù bạn là phóng viên, marketer, designer, freelancer hay chỉ đơn giản là người đam mê chụp ảnh sáng tạo thì Photoshop vẫn là một công cụ hiệu quả để giúp bạn đạt được thành công trong công việc. Nhưng phải bắt đầu Photoshop từ đâu? Hiểu được điều đó, tôi đã cùng Edumall xây dựng khóa học \"Thành thạo Photoshop trong 7 ngày\". \r\n\r\nBằng phương pháp vừa giảng vừa thực hành cũng như thông qua việc chia sẻ kinh nghiệm thực tế trong quá trình làm việc nhằm mục tiêu giúp các bạn: \r\n\r\n• Hiểu và sử dụng được các công cụ, tính năng trong Photoshop.\r\n\r\n• Tự tay chỉnh sửa được các bức ảnh trở nên sống động, sáng tạo.\r\n\r\n• Tạo ra được các hiệu ứng chữ \"độc\" và nắm được cách làm việc siêu tốc với Photoshop.\r\n\r\n \r\n\r\nYêu cầu của khóa học\r\n• Môi trường học yên tĩnh.\r\n• Kết nối internet ổn định\r\n• Nên sử dụng tai nghe trong quá trình học.\r\n• Khuyến khích cài đặt phần mềm Adobe Photoshop CC 2015\r\nLợi ích từ khóa học\r\n• Thành thạo các công cụ cơ bản trong Photoshop.\r\n• Chỉnh sửa những bức ảnh chân dung hay phong cảnh theo cách ấn tượng.\r\n• Nắm được bí quyết làm việc Siêu tốc và Hiệu quả trong Photoshop thông qua việc sử dụng Plugin.\r\n• Tạo ra được poster siêu \"ngầu\" và \"độc\".\r\n• Biết cách blend màu để giúp bức ảnh trở nên kì thú.\r\n• Biết cách tạo các hiệu ứng chữ độc đáo.\r\nĐối tượng mục tiêu\r\n• Phóng viên, marketer, designer muốn truyền tải những ý tưởng độc đáo trong các poster và banner.\r\n• Freelancer muốn kiếm tiền từ việc chỉnh sửa ảnh.\r\n• Những người đam mê chụp ảnh, đam mê sáng tạo muốn tạo ra bức ảnh đẹp theo ý của riêng mình hay chỉ đơn giản là muốn những bức ảnh gia đình trở nên lung linh hơn.', 'Giáo trình Phạm Quang Huy', 'kdkn', 599000, 27, '4h33p', 'PLzbBRsexr0iHkkq1NozFH91Zi3WqhTLRc', '0000-00-00'),
(38, 'Nông Văn Khánh', 'Giúp bạn hiểu và sử dụng được các công cụ, tính năng trong photoshop chỉ trong 7 ngày', 'vinhpq01.png', 1, 'Mô tả khoá học\r\nTổng quát\r\nBạn choáng ngợp với những poster \"độc và ngầu\" của các designer chuyên nghiệp và khao khát biến những bức ảnh của chính mình vượt trên cả sáng tạo. Thật đơn giản để hiện thực hóa mong ước đó chỉ với kiến thức và kĩ năng về Photoshop. \r\n\r\nDù bạn là phóng viên, marketer, designer, freelancer hay chỉ đơn giản là người đam mê chụp ảnh sáng tạo thì Photoshop vẫn là một công cụ hiệu quả để giúp bạn đạt được thành công trong công việc. Nhưng phải bắt đầu Photoshop từ đâu? Hiểu được điều đó, tôi đã cùng Edumall xây dựng khóa học \"Thành thạo Photoshop trong 7 ngày\". \r\n\r\nBằng phương pháp vừa giảng vừa thực hành cũng như thông qua việc chia sẻ kinh nghiệm thực tế trong quá trình làm việc nhằm mục tiêu giúp các bạn: \r\n\r\n• Hiểu và sử dụng được các công cụ, tính năng trong Photoshop.\r\n\r\n• Tự tay chỉnh sửa được các bức ảnh trở nên sống động, sáng tạo.\r\n\r\n• Tạo ra được các hiệu ứng chữ \"độc\" và nắm được cách làm việc siêu tốc với Photoshop.\r\n\r\n \r\n\r\nYêu cầu của khóa học\r\n• Môi trường học yên tĩnh.\r\n• Kết nối internet ổn định\r\n• Nên sử dụng tai nghe trong quá trình học.\r\n• Khuyến khích cài đặt phần mềm Adobe Photoshop CC 2015\r\nLợi ích từ khóa học\r\n• Thành thạo các công cụ cơ bản trong Photoshop.\r\n• Chỉnh sửa những bức ảnh chân dung hay phong cảnh theo cách ấn tượng.\r\n• Nắm được bí quyết làm việc Siêu tốc và Hiệu quả trong Photoshop thông qua việc sử dụng Plugin.\r\n• Tạo ra được poster siêu \"ngầu\" và \"độc\".\r\n• Biết cách blend màu để giúp bức ảnh trở nên kì thú.\r\n• Biết cách tạo các hiệu ứng chữ độc đáo.\r\nĐối tượng mục tiêu\r\n• Phóng viên, marketer, designer muốn truyền tải những ý tưởng độc đáo trong các poster và banner.\r\n• Freelancer muốn kiếm tiền từ việc chỉnh sửa ảnh.\r\n• Những người đam mê chụp ảnh, đam mê sáng tạo muốn tạo ra bức ảnh đẹp theo ý của riêng mình hay chỉ đơn giản là muốn những bức ảnh gia đình trở nên lung linh hơn.', 'Giáo trình Phạm Quang Huy', 'kdkn', 599000, 27, '4h33p', 'PLzbBRsexr0iHkkq1NozFH91Zi3WqhTLRc', '0000-00-00'),
(39, 'Nông Văn Khánh', 'Giúp bạn hiểu và sử dụng được các công cụ, tính năng trong photoshop chỉ trong 7 ngày', 'vinhpq01.png', 1, 'Mô tả khoá học\r\nTổng quát\r\nBạn choáng ngợp với những poster \"độc và ngầu\" của các designer chuyên nghiệp và khao khát biến những bức ảnh của chính mình vượt trên cả sáng tạo. Thật đơn giản để hiện thực hóa mong ước đó chỉ với kiến thức và kĩ năng về Photoshop. \r\n\r\nDù bạn là phóng viên, marketer, designer, freelancer hay chỉ đơn giản là người đam mê chụp ảnh sáng tạo thì Photoshop vẫn là một công cụ hiệu quả để giúp bạn đạt được thành công trong công việc. Nhưng phải bắt đầu Photoshop từ đâu? Hiểu được điều đó, tôi đã cùng Edumall xây dựng khóa học \"Thành thạo Photoshop trong 7 ngày\". \r\n\r\nBằng phương pháp vừa giảng vừa thực hành cũng như thông qua việc chia sẻ kinh nghiệm thực tế trong quá trình làm việc nhằm mục tiêu giúp các bạn: \r\n\r\n• Hiểu và sử dụng được các công cụ, tính năng trong Photoshop.\r\n\r\n• Tự tay chỉnh sửa được các bức ảnh trở nên sống động, sáng tạo.\r\n\r\n• Tạo ra được các hiệu ứng chữ \"độc\" và nắm được cách làm việc siêu tốc với Photoshop.\r\n\r\n \r\n\r\nYêu cầu của khóa học\r\n• Môi trường học yên tĩnh.\r\n• Kết nối internet ổn định\r\n• Nên sử dụng tai nghe trong quá trình học.\r\n• Khuyến khích cài đặt phần mềm Adobe Photoshop CC 2015\r\nLợi ích từ khóa học\r\n• Thành thạo các công cụ cơ bản trong Photoshop.\r\n• Chỉnh sửa những bức ảnh chân dung hay phong cảnh theo cách ấn tượng.\r\n• Nắm được bí quyết làm việc Siêu tốc và Hiệu quả trong Photoshop thông qua việc sử dụng Plugin.\r\n• Tạo ra được poster siêu \"ngầu\" và \"độc\".\r\n• Biết cách blend màu để giúp bức ảnh trở nên kì thú.\r\n• Biết cách tạo các hiệu ứng chữ độc đáo.\r\nĐối tượng mục tiêu\r\n• Phóng viên, marketer, designer muốn truyền tải những ý tưởng độc đáo trong các poster và banner.\r\n• Freelancer muốn kiếm tiền từ việc chỉnh sửa ảnh.\r\n• Những người đam mê chụp ảnh, đam mê sáng tạo muốn tạo ra bức ảnh đẹp theo ý của riêng mình hay chỉ đơn giản là muốn những bức ảnh gia đình trở nên lung linh hơn.', 'Giáo trình Phạm Quang Huy', 'kdkn', 599000, 27, '4h33p', 'PLzbBRsexr0iHkkq1NozFH91Zi3WqhTLRc', '0000-00-00'),
(40, 'Nông Văn Khánh', 'Giúp bạn hiểu và sử dụng được các công cụ, tính năng trong photoshop chỉ trong 7 ngày', 'vinhpq01.png', 1, 'Mô tả khoá học\r\nTổng quát\r\nBạn choáng ngợp với những poster \"độc và ngầu\" của các designer chuyên nghiệp và khao khát biến những bức ảnh của chính mình vượt trên cả sáng tạo. Thật đơn giản để hiện thực hóa mong ước đó chỉ với kiến thức và kĩ năng về Photoshop. \r\n\r\nDù bạn là phóng viên, marketer, designer, freelancer hay chỉ đơn giản là người đam mê chụp ảnh sáng tạo thì Photoshop vẫn là một công cụ hiệu quả để giúp bạn đạt được thành công trong công việc. Nhưng phải bắt đầu Photoshop từ đâu? Hiểu được điều đó, tôi đã cùng Edumall xây dựng khóa học \"Thành thạo Photoshop trong 7 ngày\". \r\n\r\nBằng phương pháp vừa giảng vừa thực hành cũng như thông qua việc chia sẻ kinh nghiệm thực tế trong quá trình làm việc nhằm mục tiêu giúp các bạn: \r\n\r\n• Hiểu và sử dụng được các công cụ, tính năng trong Photoshop.\r\n\r\n• Tự tay chỉnh sửa được các bức ảnh trở nên sống động, sáng tạo.\r\n\r\n• Tạo ra được các hiệu ứng chữ \"độc\" và nắm được cách làm việc siêu tốc với Photoshop.\r\n\r\n \r\n\r\nYêu cầu của khóa học\r\n• Môi trường học yên tĩnh.\r\n• Kết nối internet ổn định\r\n• Nên sử dụng tai nghe trong quá trình học.\r\n• Khuyến khích cài đặt phần mềm Adobe Photoshop CC 2015\r\nLợi ích từ khóa học\r\n• Thành thạo các công cụ cơ bản trong Photoshop.\r\n• Chỉnh sửa những bức ảnh chân dung hay phong cảnh theo cách ấn tượng.\r\n• Nắm được bí quyết làm việc Siêu tốc và Hiệu quả trong Photoshop thông qua việc sử dụng Plugin.\r\n• Tạo ra được poster siêu \"ngầu\" và \"độc\".\r\n• Biết cách blend màu để giúp bức ảnh trở nên kì thú.\r\n• Biết cách tạo các hiệu ứng chữ độc đáo.\r\nĐối tượng mục tiêu\r\n• Phóng viên, marketer, designer muốn truyền tải những ý tưởng độc đáo trong các poster và banner.\r\n• Freelancer muốn kiếm tiền từ việc chỉnh sửa ảnh.\r\n• Những người đam mê chụp ảnh, đam mê sáng tạo muốn tạo ra bức ảnh đẹp theo ý của riêng mình hay chỉ đơn giản là muốn những bức ảnh gia đình trở nên lung linh hơn.', 'Giáo trình Phạm Quang Huy', 'kdkn', 599000, 27, '4h33p', 'PLzbBRsexr0iHkkq1NozFH91Zi3WqhTLRc', '0000-00-00'),
(41, 'Nông Văn Khánh', 'Giúp bạn hiểu và sử dụng được các công cụ, tính năng trong photoshop chỉ trong 7 ngày', 'vinhpq01.png', 1, 'Mô tả khoá học\r\nTổng quát\r\nBạn choáng ngợp với những poster \"độc và ngầu\" của các designer chuyên nghiệp và khao khát biến những bức ảnh của chính mình vượt trên cả sáng tạo. Thật đơn giản để hiện thực hóa mong ước đó chỉ với kiến thức và kĩ năng về Photoshop. \r\n\r\nDù bạn là phóng viên, marketer, designer, freelancer hay chỉ đơn giản là người đam mê chụp ảnh sáng tạo thì Photoshop vẫn là một công cụ hiệu quả để giúp bạn đạt được thành công trong công việc. Nhưng phải bắt đầu Photoshop từ đâu? Hiểu được điều đó, tôi đã cùng Edumall xây dựng khóa học \"Thành thạo Photoshop trong 7 ngày\". \r\n\r\nBằng phương pháp vừa giảng vừa thực hành cũng như thông qua việc chia sẻ kinh nghiệm thực tế trong quá trình làm việc nhằm mục tiêu giúp các bạn: \r\n\r\n• Hiểu và sử dụng được các công cụ, tính năng trong Photoshop.\r\n\r\n• Tự tay chỉnh sửa được các bức ảnh trở nên sống động, sáng tạo.\r\n\r\n• Tạo ra được các hiệu ứng chữ \"độc\" và nắm được cách làm việc siêu tốc với Photoshop.\r\n\r\n \r\n\r\nYêu cầu của khóa học\r\n• Môi trường học yên tĩnh.\r\n• Kết nối internet ổn định\r\n• Nên sử dụng tai nghe trong quá trình học.\r\n• Khuyến khích cài đặt phần mềm Adobe Photoshop CC 2015\r\nLợi ích từ khóa học\r\n• Thành thạo các công cụ cơ bản trong Photoshop.\r\n• Chỉnh sửa những bức ảnh chân dung hay phong cảnh theo cách ấn tượng.\r\n• Nắm được bí quyết làm việc Siêu tốc và Hiệu quả trong Photoshop thông qua việc sử dụng Plugin.\r\n• Tạo ra được poster siêu \"ngầu\" và \"độc\".\r\n• Biết cách blend màu để giúp bức ảnh trở nên kì thú.\r\n• Biết cách tạo các hiệu ứng chữ độc đáo.\r\nĐối tượng mục tiêu\r\n• Phóng viên, marketer, designer muốn truyền tải những ý tưởng độc đáo trong các poster và banner.\r\n• Freelancer muốn kiếm tiền từ việc chỉnh sửa ảnh.\r\n• Những người đam mê chụp ảnh, đam mê sáng tạo muốn tạo ra bức ảnh đẹp theo ý của riêng mình hay chỉ đơn giản là muốn những bức ảnh gia đình trở nên lung linh hơn.', 'Giáo trình Phạm Quang Huy', 'kdkn', 599000, 27, '4h33p', 'PLzbBRsexr0iHkkq1NozFH91Zi3WqhTLRc', '0000-00-00'),
(43, 'Dựng video chuyên nghiệp với Adobe Premiere', 'Dựng video chuyên nghiệp với Adobe Premiere', 'vinhpq01.png', 1, '<h3>M&ocirc; tả kho&aacute; học</h3>\r\n\r\n<p>Tổng qu&aacute;t</p>\r\n\r\n<p>Người dựng phim giỏi kh&ocirc;ng chỉ l&agrave; người cắt gọt, m&agrave; anh ấy ch&iacute;nh l&agrave; người kể chuyện, thổi hồn cho những chuỗi h&igrave;nh ảnh chạy d&agrave;i, diễn đạt cảm x&uacute;c nh&acirc;n vật hay tạo cao tr&agrave;o, kịch t&iacute;nh cho một t&aacute;c phẩm.</p>\r\n\r\n<p>V&agrave; trong lĩnh vực dựng phim, c&oacute; rất nhiều phần mềm xử l&yacute; hậu kỳ để người dựng phim hiện thực h&oacute;a những điều tr&ecirc;n. Tuy nhi&ecirc;n theo đ&aacute;nh gi&aacute; mới nhất của c&aacute;c editor h&agrave;ng đầu v&agrave; giới điện ảnh trong v&agrave; ngo&agrave;i nước, th&igrave; Adobe Premiere được ưu &aacute;i chấm điểm cao nhất, l&agrave; c&ocirc;ng cụ dựng phim th&acirc;n thiện, c&oacute; tỉ lệ sử dụng lớn nhất hiện nay tại hầu hết c&aacute;c h&atilde;ng phim, c&ocirc;ng ty truyền h&igrave;nh, truyền th&ocirc;ng v&agrave; quảng c&aacute;o.</p>\r\n\r\n<p>----------------</p>\r\n\r\n<p>Tham gia kh&oacute;a học n&agrave;y bạn sẽ c&oacute;:</p>\r\n\r\n<p>Những kiến thức cơ bản về dựng phim, gi&uacute;p bạn dễ d&agrave;ng thực hiện những bộ phim theo &yacute; muốn của m&igrave;nh bằng Adobe Premiere - &quot;Đứa con cưng&quot; được tập trung ph&aacute;t triển to&agrave;n lực bởi tập đo&agrave;n Adobe,</p>\r\n\r\n<p>B&iacute; quyết để l&agrave;m việc si&ecirc;u tốc trong Adobe Premiere,</p>\r\n\r\n<p>Tăng khả năng xin việc tại c&aacute;c c&ocirc;ng ty truyền th&ocirc;ng, quảng c&aacute;o hay h&atilde;ng phim, truyền h&igrave;nh.</p>\r\n\r\n<p>Y&ecirc;u cầu của kh&oacute;a học</p>\r\n\r\n<ul>\r\n	<li>- M&ocirc;i trường học l&agrave; nơi y&ecirc;n tĩnh.</li>\r\n	<li>- Cần c&oacute; thiết bị c&oacute; khả năng truy cập Internet.</li>\r\n	<li>- N&ecirc;n sử dụng tai nghe trong qu&aacute; tr&igrave;nh học.</li>\r\n	<li>- Khuyến kh&iacute;ch c&agrave;i đặt v&agrave; sử dụng phần mềm Adobe Premiere CC 2015</li>\r\n</ul>\r\n\r\n<p>Lợi &iacute;ch từ kh&oacute;a học</p>\r\n\r\n<ul>\r\n	<li>- Hiểu c&aacute;c vấn đề, c&ocirc;ng cụ cơ bản v&agrave; nguy&ecirc;n l&yacute; hoạt động trong Adobe Premiere</li>\r\n	<li>- Biết c&aacute;ch xử l&yacute; &acirc;m thanh, hiệu chỉnh h&igrave;nh ảnh... để dựng ho&agrave;n thiện một t&aacute;c phẩm</li>\r\n	<li>- Biết c&aacute;ch tạo hiệu ứng h&igrave;nh ảnh cho video; sử dụng c&aacute;c Plugin để chỉnh m&agrave;u, khử noise, &aacute;nh s&aacute;ng cho video</li>\r\n	<li>- L&agrave;m Intro đầu phim, Credit cuối phim v&agrave; c&aacute;c kiểu Text n&oacute;i chung</li>\r\n	<li>- Tự thực hiện chỉnh sửa được c&aacute;c bộ phim cho ri&ecirc;ng m&igrave;nh</li>\r\n</ul>\r\n\r\n<p>Đối tượng mục ti&ecirc;u</p>\r\n\r\n<ul>\r\n	<li>- Những bạn y&ecirc;u th&iacute;ch về dựng phim hoặc c&oacute; nhu cầu biến những đoạn clip ngắn trong kho lưu trữ th&agrave;nh 1 đoạn phim ho&agrave;n chỉnh</li>\r\n	<li>- Những bạn đang hoạt động trong lĩnh vực truyền th&ocirc;ng, muốn tự m&igrave;nh chỉnh sửa 1 video đơn giản</li>\r\n	<li>- Những bạn photographer hoặc quay phim muốn tự tay chỉnh sửa những thước phim do ch&iacute;nh m&igrave;nh quay</li>\r\n</ul>\r\n', '<p>Giới thiệu v&agrave; l&agrave;m quen với phần mềm Adobe Premiere</p>\r\n\r\n<p>Chỉnh sửa video</p>\r\n\r\n<p>Tạo ti&ecirc;u đề v&agrave; credit cho video</p>\r\n\r\n<p>Chỉnh sửa m&agrave;u căn bản</p>\r\n\r\n<p>Hướng dẫn c&aacute;ch dựng ph&oacute;ng sự</p>\r\n\r\n<p>Xuất bản th&agrave;nh phẩm v&agrave; một số ph&iacute;m tắt</p>\r\n', 'tk', 599000, 20, '3h0p', 'PLzbBRsexr0iHkkq1NozFH91Zi3WqhTLRc', '0000-00-00'),
(49, 'Lập trình PHP từ cơ bản đến nâng cao trong 6 tuần', 'Lập trình PHP - Thực hành tự tạo website tin tức', 'phuongph01.png', 1, '<h3><strong>M&ocirc; tả kho&aacute; học</strong></h3>\r\n\r\n<p><strong>Tổng qu&aacute;t</strong></p>\r\n\r\n<p>Bạn c&oacute; bi&ecirc;́t hơn 80% website hi&ecirc;̣n nay đều được vi&ecirc;́t bằng ng&ocirc;n ngữ PHP</p>\r\n\r\n<p>Bạn cũng mu&ocirc;́n tự m&igrave;nh l&agrave;m n&ecirc;n 1 website ho&agrave;n chỉnh, tương t&aacute;c cao với người d&ugrave;ng, v&acirc;̣y chắc chắn bạn c&acirc;̀n th&agrave;nh thạo PHP r&ocirc;̀i. Với n&ecirc;̀n tảng HTML, CSS đ&atilde; c&oacute;, t&ocirc;i tin rằng bạn sẽ d&ecirc;̃ d&agrave;ng l&agrave;m chủ ng&ocirc;n ngữ l&acirc;̣p tr&igrave;nh tuy&ecirc;̣t vời n&agrave;y. T&ocirc;i sẽ gi&uacute;p c&aacute;c bạn t&acirc;́t cả những g&igrave; c&acirc;̀n bi&ecirc;́t v&ecirc;̀ PHP đ&ecirc;̉ tạo n&ecirc;n m&ocirc;̣t website ho&agrave;n chỉnh.</p>\r\n\r\n<p>Kh&oacute;a học dạy bạn từ đi&ecirc;̀u cơ bản nh&acirc;́t, đ&ecirc;́n c&aacute;ch k&ecirc;́t hợp PHP với c&aacute;c ng&ocirc;n ngữ l&acirc;p tr&igrave;nh quan trọng kh&aacute;c như HTML, MySQL, Javascript đ&ecirc;̉ tạo được website tin tức hoạt đ&ocirc;̣ng mượt m&agrave;. T&ocirc;i ti&ecirc;́n h&agrave;nh code trực ti&ecirc;́p tr&ecirc;n phi&ecirc;n bản PHP mới nh&acirc;́t, mọi hướng d&acirc;̃n đ&ecirc;̀u được chia nhỏ th&agrave;nh từng bước r&otilde; r&agrave;ng, bạn sẽ d&ecirc;̃ d&agrave;ng theo d&otilde;i v&agrave; bi&ecirc;́t debug l&ocirc;̃i ngay khi gặp phải.</p>\r\n\r\n<p>B&ecirc;n cạnh đ&oacute;, l&acirc;̣p tr&igrave;nh hướng đ&ocirc;́i tượng l&agrave; đi&ecirc;̀u t&ocirc;i đặc bi&ecirc;̣t mong mu&ocirc;́n c&aacute;c bạn c&oacute; được, bằng l&ocirc;́i tư duy logic v&agrave; những kinh nghi&ecirc;̣m c&oacute; được với 8 năm trong ngh&ecirc;̀ l&acirc;̣p tr&igrave;nh, t&ocirc;i tự tin đ&ocirc;̀ng h&agrave;nh c&ugrave;ng bạn trong 6 tu&acirc;̀n học t&acirc;̣p</p>\r\n\r\n<p><strong>Y&ecirc;u cầu của kh&oacute;a học</strong></p>\r\n\r\n<ul>\r\n	<li>C&oacute; kiến thức cơ bản về m&aacute;y t&iacute;nh</li>\r\n	<li>N&ecirc;n sử dụng tai nghe trong qu&aacute; tr&igrave;nh học</li>\r\n</ul>\r\n\r\n<p><strong>Lợi &iacute;ch từ kh&oacute;a học</strong></p>\r\n\r\n<ul>\r\n	<li>Trọn bộ kiến thức lập tr&igrave;nh PHP từ cơ bản đến n&acirc;ng cao (cốt l&otilde;i, bản chất)</li>\r\n	<li>Sau kh&oacute;a học lập tr&igrave;nh được PHP, tạo được website tin tức</li>\r\n	<li>L&agrave; nền tảng để học v&agrave; l&agrave;m việc tr&ecirc;n c&aacute;c Framework của PHP</li>\r\n	<li>Tư duy lập tr&igrave;nh hướng đối tượng gi&uacute;p bạn c&oacute; thể học được bất cứ ng&ocirc;n ngữ lập tr&igrave;nh n&agrave;o 1 c&aacute;ch dễ d&agrave;ng.</li>\r\n</ul>\r\n\r\n<p><strong>Đối tượng mục ti&ecirc;u</strong></p>\r\n\r\n<ul>\r\n	<li>Những người c&oacute; niềm đam m&ecirc; với lập tr&igrave;nh, mong muốn tạo được 1 website thực tế của ri&ecirc;ng m&igrave;nh</li>\r\n	<li>Những người mong muốn trở th&agrave;nh lập tr&igrave;nh vi&ecirc;n chuy&ecirc;n nghiệp v&agrave; c&oacute; mức thu nhập cao.</li>\r\n</ul>\r\n', '<p><strong>Phần 1: Tổng quan PHP</strong></p>\r\n\r\n<p>B&agrave;i 1: Giới thiệu về PHP</p>\r\n\r\n<p>B&agrave;i 2:&nbsp;C&agrave;i đặt PHP tr&ecirc;n Window</p>\r\n\r\n<p>...</p>\r\n\r\n<p>B&agrave;i 46:&nbsp;Tổng kết</p>\r\n', 'cntt', 699000, 46, '6h35', 'PLzbBRsexr0iHkkq1NozFH91Zi3WqhTLRc', '0000-00-00');
INSERT INTO `course` (`id_cs`, `ten_cs`, `info_cs`, `thumb_cs`, `id_user`, `mota_cs`, `giaotrinh_cs`, `id_cate`, `gia_cs`, `sobh_cs`, `time_cs`, `playlist_key`, `created_date`) VALUES
(50, 'Làm chủ Adobe Photoshop CC trong 3 giờ', 'Làm chủ Adobe Photoshop CC trong 3 giờ', 'tientt01.png', 1, '<h3><strong>M&ocirc; tả kho&aacute; học</strong></h3>\r\n\r\n<p><strong>Tổng qu&aacute;t</strong></p>\r\n\r\n<p>L&agrave;m sao để c&oacute; những bức ảnh đẹp, được nhi&ecirc;̀u lượt Like v&agrave; Comment của bạn b&egrave;?</p>\r\n\r\n<p>L&agrave;m sao để thi&ecirc;́t k&ecirc;́ những sản ph&acirc;̉m đ&ocirc;̣c đ&aacute;o, th&ecirc;̉ hi&ecirc;̣n c&aacute; t&iacute;nh của bạn?</p>\r\n\r\n<p>Hay chỉ đơn thu&acirc;̀n l&agrave; l&agrave;m sao để c&oacute; những banner, poster h&ocirc;̃ trợ đắc lực cho c&ocirc;ng vi&ecirc;̣c của bạn?</p>\r\n\r\n<p>Bạn mu&ocirc;́n tự m&igrave;nh l&agrave;m được t&acirc;́t cả những đi&ecirc;̀u tr&ecirc;n?</p>\r\n\r\n<p>Kh&oacute;a học &quot;L&agrave;m chủ Photoshop CC trong 3 giờ&quot; sẽ gi&uacute;p bạn những kỹ năng, thao t&aacute;c c&acirc;̀n thi&ecirc;́t nh&acirc;́t đ&ecirc;̉ l&agrave;m chủ Adobe Photoshop CC</p>\r\n\r\n<p>&nbsp;Bạn sẽ được:</p>\r\n\r\n<p>- Hướng d&acirc;̃n cụ th&ecirc;̉, step by step</p>\r\n\r\n<p>- Học &iacute;t - v&acirc;̣n dụng được nhi&ecirc;̀u.</p>\r\n\r\n<p>- Cung c&acirc;́p đ&acirc;̀y đủ v&iacute; dụ đ&ecirc;̉ học - Thực h&agrave;nh ngay</p>\r\n\r\n<p>H&atilde;y &aacute;p dụng kiến thức bạn học trong 30 ph&uacute;t mỗi ng&agrave;y, bạn sẽ thấy tr&igrave;nh độ của m&igrave;nh cải thiện đ&aacute;ng kể!</p>\r\n\r\n<p><strong>Y&ecirc;u cầu của kh&oacute;a học</strong></p>\r\n\r\n<ul>\r\n	<li>- M&ocirc;i trường học y&ecirc;n tĩnh</li>\r\n	<li>- C&oacute; khả năng truy cập Internet</li>\r\n	<li>- N&ecirc;n sử dụng tai nghe trong qu&aacute; tr&igrave;nh học</li>\r\n	<li>- Khuyến kh&iacute;ch c&agrave;i đặt v&agrave; sử dụng phần mềm Adobe Photoshop CC 2015</li>\r\n</ul>\r\n\r\n<p><strong>Lợi &iacute;ch từ kh&oacute;a học</strong></p>\r\n\r\n<ul>\r\n	<li>- Học PTS CC b&agrave;i bản ngay từ đầu</li>\r\n	<li>- Thiết kế được những banner, poster cho web hoặc c&aacute;c sự kiện</li>\r\n	<li>- L&agrave;m cho bức ảnh của bạn tr&ocirc;ng sống động, sắc n&eacute;t v&agrave; c&oacute; chiều s&acirc;u</li>\r\n	<li>- C&oacute; nền tảng kiến thức cơ bản để tạo ra nhiều sản phẩm Photoshop n&acirc;ng cao v&agrave; s&aacute;ng tạo hơn</li>\r\n	<li>- N&acirc;ng kỹ năng s&aacute;ng tạo của bạn l&ecirc;n một cấp độ mới</li>\r\n	<li>- Thực h&agrave;nh c&aacute;c b&agrave;i tập cần thiết để trở th&agrave;nh nh&agrave; thiết kế chuy&ecirc;n nghiệp</li>\r\n</ul>\r\n\r\n<p><strong>Đối tượng mục ti&ecirc;u</strong></p>\r\n\r\n<ul>\r\n	<li>Kh&oacute;a học n&agrave;y đặc biệt hữu &iacute;ch với:</li>\r\n	<li>- Những người bắt đầu học desigh n&oacute;i chung, mới học PTS n&oacute;i ri&ecirc;ng</li>\r\n	<li>- Ph&oacute;ng vi&ecirc;n chuy&ecirc;n đưa tin, đăng b&agrave;i về sự kiện, cần h&igrave;nh ảnh để minh họa cho b&agrave;i viết</li>\r\n	<li>- Nh&acirc;n vi&ecirc;n marketing, nh&acirc;n vi&ecirc;n truyền th&ocirc;ng thương hiệu, nếu biết đồ họa sẽ gi&uacute;p bạn g&acirc;y ấn tượng tốt khi giới thiệu sản phẩm của m&igrave;nh</li>\r\n	<li>- Những người muốn tự m&igrave;nh c&oacute; bức ảnh đẹp nhưng kh&ocirc;ng biết chỉnh sửa ảnh cũng như c&aacute;c thao t&aacute;c đồ họa kh&aacute;c</li>\r\n	<li>- Những người muốn thiết kế những ấn phẩm đẹp, &yacute; nghĩa để gi&agrave;nh tặng người th&acirc;n, bạn b&egrave; trong những dịp đặc biệt</li>\r\n</ul>\r\n', '<p><strong>Phần 1:&nbsp;Tổng quan về Photoshop CC</strong></p>\r\n\r\n<p>B&agrave;i 1:&nbsp;Giới thiệu về Photoshop</p>\r\n\r\n<p>B&agrave;i 2: T&igrave;m hiểu về layer</p>\r\n\r\n<p>B&agrave;i 3: C&aacute;ch mở, lưu 1 tập tin trong Photoshop<br />\r\n<strong>...</strong></p>\r\n\r\n<p>B&agrave;i 27:&nbsp;C&aacute;ch xuất v&agrave; lưu file cho banner, poster</p>\r\n', 'tk', 599000, 27, '2h14', 'PLzbBRsexr0iHkkq1NozFH91Zi3WqhTLRc', '0000-00-00');

-- --------------------------------------------------------

--
-- Table structure for table `own`
--

CREATE TABLE `own` (
  `id_own` int(11) NOT NULL,
  `id_user` int(11) NOT NULL,
  `id_cs` int(11) NOT NULL,
  `date_own` date NOT NULL
) ENGINE=InnoDB DEFAULT CHARSET=utf8;

--
-- Dumping data for table `own`
--

INSERT INTO `own` (`id_own`, `id_user`, `id_cs`, `date_own`) VALUES
(1, 1, 50, '2018-03-31'),
(2, 1, 2, '2018-03-31'),
(3, 1, 3, '2018-04-15'),
(5, 1, 49, '2018-04-15'),
(6, 1, 7, '0000-00-00'),
(7, 1, 6, '0000-00-00'),
(8, 32, 4, '0000-00-00'),
(10, 1, 11, '2018-09-30');

-- --------------------------------------------------------

--
-- Table structure for table `teacherchat`
--

CREATE TABLE `teacherchat` (
  `id_chat` int(11) NOT NULL,
  `id_user` int(11) NOT NULL,
  `content_chat` text COLLATE utf8_unicode_ci NOT NULL,
  `date_chat` datetime NOT NULL
) ENGINE=InnoDB DEFAULT CHARSET=utf8 COLLATE=utf8_unicode_ci;

--
-- Dumping data for table `teacherchat`
--

INSERT INTO `teacherchat` (`id_chat`, `id_user`, `content_chat`, `date_chat`) VALUES
(1, 23, 'Xin chào các giáo viên', '2018-10-31 09:39:44'),
(2, 23, 'Các bạn đã được chưa', '2018-10-31 09:39:57');

-- --------------------------------------------------------

--
-- Table structure for table `user`
--

CREATE TABLE `user` (
  `id_user` int(11) NOT NULL,
  `email_user` varchar(255) NOT NULL,
  `pass_user` varchar(255) NOT NULL,
  `name_user` varchar(255) NOT NULL,
  `job_user` varchar(255) NOT NULL,
  `sex_user` tinyint(4) NOT NULL COMMENT '0-Female, 1-Male',
  `about_user` varchar(255) NOT NULL,
  `permission_user` int(11) NOT NULL DEFAULT '0' COMMENT '0 là chưa kích hoạt mail  -  1 là tv đã active  -  2 là GV  -  3 là ADMIN',
  `code_user` varchar(255) NOT NULL,
  `coin_user` int(11) NOT NULL,
  `avatar_user` varchar(255) NOT NULL DEFAULT 'default.jpg',
  `created_date` date NOT NULL
) ENGINE=InnoDB DEFAULT CHARSET=utf8;

--
-- Dumping data for table `user`
--

INSERT INTO `user` (`id_user`, `email_user`, `pass_user`, `name_user`, `job_user`, `sex_user`, `about_user`, `permission_user`, `code_user`, `coin_user`, `avatar_user`, `created_date`) VALUES
(1, 'admin@admin.com', 'e10adc3949ba59abbe56e057f20f883e', 'Fullname Admin', 'Admin Edumall.vn', 1, 'Gioi thieu ban than Admin', 3, 'O4D2r6qxfo', 2000, 'default.jpg', '0000-00-00'),
(2, 'nvk@mail.com', '629e8d70e993322601ea565b7cfb4d0c', 'Nông Văn Khánh', 'Giáo viên', 1, 'Giảng viên của trường ABC', 2, '', 301000, 'default.jpg', '0000-00-00'),
(3, 'nhd@mail.com', '629e8d70e993322601ea565b7cfb4d0c', 'Nguyễn Hồng Đào', 'Sinh viên', 0, 'Học tập tại trường ICTU', 1, '', 23000, 'default.jpg', '0000-00-00'),
(19, 'gv01@mail.com', 'e10adc3949ba59abbe56e057f20f883e', 'Giảng viên 1', 'Giảng viên', 0, 'Dạy môn giao tiếp', 2, '', 85407000, 'default.jpg', '0000-00-00'),
(21, 'nguyenvana@mail.com', 'e10adc3949ba59abbe56e057f20f883e', 'Nguyễn Văn A', 'Sinh viên', 1, 'Học tập tại trường ICTU', 1, '', 1000, 'default.jpg', '0000-00-00'),
(23, 'tranphucan@gmail.com', 'e10adc3949ba59abbe56e057f20f883e', 'Trần Phúc An', 'Công nhân làm thuê', 1, 'Làm việc ở Thái Nguyên', 2, '', 452000, 'default.jpg', '0000-00-00'),
(25, 'khanhtitictu@gmail.com', '629e8d70e993322601ea565b7cfb4d0c', 'Nông Văn Khánh', 'Quản trị viên', 1, 'Quản trị viên', 3, '', 45000000, 'default.jpg', '0000-00-00'),
(27, 'nguyendinhhau@gmail.com', 'e10adc3949ba59abbe56e057f20f883e', 'Nguyễn Đình Hậu', 'Sinh Viên', 1, 'Chả có gì để giới thiệu', 2, '', 50000, 'default.jpg', '2018-09-20'),
(32, 'taikhoan01@mail.com', 'e10adc3949ba59abbe56e057f20f883e', 'Tài khoản 1', '', 0, '', 1, '', 401000, 'default.jpg', '0000-00-00'),
(33, 'taikhoan02@mail.com', 'e10adc3949ba59abbe56e057f20f883e', 'Tài khoản 02', '', 0, '', 0, '', 0, 'default.jpg', '2018-09-30');

--
-- Indexes for dumped tables
--

--
-- Indexes for table `adminchat`
--
ALTER TABLE `adminchat`
  ADD PRIMARY KEY (`id_chat`),
  ADD KEY `id_user` (`id_user`);

--
-- Indexes for table `cart`
--
ALTER TABLE `cart`
  ADD PRIMARY KEY (`id_gh`),
  ADD UNIQUE KEY `id_user` (`id_user`,`id_cs`),
  ADD KEY `id_cs` (`id_cs`);

--
-- Indexes for table `category`
--
ALTER TABLE `category`
  ADD PRIMARY KEY (`id_cate`);

--
-- Indexes for table `cmt`
--
ALTER TABLE `cmt`
  ADD PRIMARY KEY (`id_cmt`),
  ADD KEY `id_cs` (`id_cs`);

--
-- Indexes for table `course`
--
ALTER TABLE `course`
  ADD PRIMARY KEY (`id_cs`),
  ADD KEY `id_cate` (`id_cate`),
  ADD KEY `id_cate_2` (`id_cate`),
  ADD KEY `id_user` (`id_user`);

--
-- Indexes for table `own`
--
ALTER TABLE `own`
  ADD PRIMARY KEY (`id_own`),
  ADD UNIQUE KEY `id_user` (`id_user`,`id_cs`),
  ADD KEY `id_cs` (`id_cs`);

--
-- Indexes for table `teacherchat`
--
ALTER TABLE `teacherchat`
  ADD PRIMARY KEY (`id_chat`),
  ADD KEY `id_user` (`id_user`);

--
-- Indexes for table `user`
--
ALTER TABLE `user`
  ADD PRIMARY KEY (`id_user`),
  ADD UNIQUE KEY `email_user` (`email_user`);

--
-- AUTO_INCREMENT for dumped tables
--

--
-- AUTO_INCREMENT for table `adminchat`
--
ALTER TABLE `adminchat`
  MODIFY `id_chat` int(11) NOT NULL AUTO_INCREMENT, AUTO_INCREMENT=11;

--
-- AUTO_INCREMENT for table `cart`
--
ALTER TABLE `cart`
  MODIFY `id_gh` int(11) NOT NULL AUTO_INCREMENT;

--
-- AUTO_INCREMENT for table `cmt`
--
ALTER TABLE `cmt`
  MODIFY `id_cmt` int(11) NOT NULL AUTO_INCREMENT, AUTO_INCREMENT=23;

--
-- AUTO_INCREMENT for table `course`
--
ALTER TABLE `course`
  MODIFY `id_cs` int(11) NOT NULL AUTO_INCREMENT, AUTO_INCREMENT=51;

--
-- AUTO_INCREMENT for table `own`
--
ALTER TABLE `own`
  MODIFY `id_own` int(11) NOT NULL AUTO_INCREMENT, AUTO_INCREMENT=11;

--
-- AUTO_INCREMENT for table `teacherchat`
--
ALTER TABLE `teacherchat`
  MODIFY `id_chat` int(11) NOT NULL AUTO_INCREMENT, AUTO_INCREMENT=3;

--
-- AUTO_INCREMENT for table `user`
--
ALTER TABLE `user`
  MODIFY `id_user` int(11) NOT NULL AUTO_INCREMENT, AUTO_INCREMENT=34;

--
-- Constraints for dumped tables
--

--
-- Constraints for table `adminchat`
--
ALTER TABLE `adminchat`
  ADD CONSTRAINT `adminchat_ibfk_1` FOREIGN KEY (`id_user`) REFERENCES `user` (`id_user`);

--
-- Constraints for table `cart`
--
ALTER TABLE `cart`
  ADD CONSTRAINT `cart_ibfk_1` FOREIGN KEY (`id_cs`) REFERENCES `course` (`id_cs`),
  ADD CONSTRAINT `cart_ibfk_2` FOREIGN KEY (`id_user`) REFERENCES `user` (`id_user`);

--
-- Constraints for table `cmt`
--
ALTER TABLE `cmt`
  ADD CONSTRAINT `cmt_ibfk_1` FOREIGN KEY (`id_cs`) REFERENCES `course` (`id_cs`);

--
-- Constraints for table `course`
--
ALTER TABLE `course`
  ADD CONSTRAINT `course_ibfk_1` FOREIGN KEY (`id_user`) REFERENCES `user` (`id_user`);

--
-- Constraints for table `own`
--
ALTER TABLE `own`
  ADD CONSTRAINT `own_ibfk_1` FOREIGN KEY (`id_cs`) REFERENCES `course` (`id_cs`),
  ADD CONSTRAINT `own_ibfk_2` FOREIGN KEY (`id_user`) REFERENCES `user` (`id_user`);

--
-- Constraints for table `teacherchat`
--
ALTER TABLE `teacherchat`
  ADD CONSTRAINT `teacherchat_ibfk_1` FOREIGN KEY (`id_chat`) REFERENCES `user` (`id_user`);
COMMIT;

/*!40101 SET CHARACTER_SET_CLIENT=@OLD_CHARACTER_SET_CLIENT */;
/*!40101 SET CHARACTER_SET_RESULTS=@OLD_CHARACTER_SET_RESULTS */;
/*!40101 SET COLLATION_CONNECTION=@OLD_COLLATION_CONNECTION */;
